scorer,DLC_Resnet50_MAIN-SIDE #1Jun10shuffle1_snapshot_best-310,DLC_Resnet50_MAIN-SIDE #1Jun10shuffle1_snapshot_best-310,DLC_Resnet50_MAIN-SIDE #1Jun10shuffle1_snapshot_best-310,DLC_Resnet50_MAIN-SIDE #1Jun10shuffle1_snapshot_best-310,DLC_Resnet50_MAIN-SIDE #1Jun10shuffle1_snapshot_best-310,DLC_Resnet50_MAIN-SIDE #1Jun10shuffle1_snapshot_best-310,DLC_Resnet50_MAIN-SIDE #1Jun10shuffle1_snapshot_best-310,DLC_Resnet50_MAIN-SIDE #1Jun10shuffle1_snapshot_best-310,DLC_Resnet50_MAIN-SIDE #1Jun10shuffle1_snapshot_best-310,DLC_Resnet50_MAIN-SIDE #1Jun10shuffle1_snapshot_best-310,DLC_Resnet50_MAIN-SIDE #1Jun10shuffle1_snapshot_best-310,DLC_Resnet50_MAIN-SIDE #1Jun10shuffle1_snapshot_best-310,DLC_Resnet50_MAIN-SIDE #1Jun10shuffle1_snapshot_best-310,DLC_Resnet50_MAIN-SIDE #1Jun10shuffle1_snapshot_best-310,DLC_Resnet50_MAIN-SIDE #1Jun10shuffle1_snapshot_best-310,DLC_Resnet50_MAIN-SIDE #1Jun10shuffle1_snapshot_best-310,DLC_Resnet50_MAIN-SIDE #1Jun10shuffle1_snapshot_best-310,DLC_Resnet50_MAIN-SIDE #1Jun10shuffle1_snapshot_best-310
bodyparts,toe,toe,toe,MTP,MTP,MTP,ankle,ankle,ankle,knee,knee,knee,hip,hip,hip,iliac_crest,iliac_crest,iliac_crest
coords,x,y,likelihood,x,y,likelihood,x,y,likelihood,x,y,likelihood,x,y,likelihood,x,y,likelihood
0,1789.5137,193.29916,0.09908843,1786.4669,175.52855,0.22670351,1786.3386,159.56091,0.22255744,1834.0518,159.98021,0.10000649,1825.8707,109.38828,0.4587377,1854.8297,99.54709,0.24715011
1,1785.4872,199.69618,0.15917149,1786.9335,177.40645,0.38039854,1785.017,158.32893,0.34145692,1840.5016,162.26042,0.1290312,1827.84,110.63478,0.36939636,1855.8202,99.15911,0.18098682
2,1788.847,194.45833,0.13826159,1786.5297,176.02252,0.3155801,1786.0659,158.198,0.24890317,1839.9475,164.16539,0.15174145,1828.694,112.05961,0.42174247,1856.9713,104.02688,0.13566306
3,1787.9033,196.14384,0.17091204,1787.0557,177.63608,0.37857643,1785.7961,158.28413,0.36212358,1835.386,171.53117,0.22419256,1822.3657,118.46906,0.42631504,1855.0779,99.36181,0.16570368
4,1784.7811,199.78056,0.16143712,1787.5107,177.39029,0.3495655,1785.9244,157.76448,0.33863023,1839.2545,164.4313,0.19053204,1827.1763,111.23265,0.47239605,1856.1011,104.56847,0.19520903
5,1784.4429,199.8919,0.15889418,1788.0884,177.70328,0.33543974,1785.0927,157.23277,0.34199828,1839.6415,165.48996,0.18851386,1822.0117,118.83992,0.4079221,1855.9786,105.59374,0.18713099
6,1785.175,200.01587,0.17212777,1788.2778,178.34811,0.37142417,1785.9998,156.68173,0.32767257,1837.3346,172.96072,0.21608649,1823.7823,120.773926,0.4589417,1857.6523,106.5677,0.16311122
7,1783.3138,198.51633,0.17271176,1789.1743,179.00735,0.42850608,1785.2999,155.1001,0.5556292,1847.4307,170.80696,0.19259252,1825.361,118.93875,0.41758123,1855.0743,99.33615,0.19060436
8,1791.3076,192.75038,0.14839248,1790.4896,180.1338,0.44301182,1785.0077,155.2387,0.5838948,1833.8585,171.80635,0.28543723,1824.2797,117.29518,0.54463017,1855.3801,100.74034,0.23794247
9,1791.2289,191.3546,0.14148527,1789.8748,179.33214,0.37111476,1784.909,155.25078,0.5528339,1847.992,170.61447,0.24401297,1824.9552,117.906685,0.43496326,1854.9276,99.84066,0.2120665
10,1791.1445,188.5579,0.10337831,1791.2747,177.71747,0.29802892,1784.1875,154.78671,0.5588087,1834.008,168.8836,0.18831353,1827.3374,110.7537,0.39348385,1855.1989,99.73275,0.20170732
11,1790.9438,189.96736,0.11845175,1790.0944,179.08694,0.37456524,1784.475,154.52008,0.6364337,1832.9407,169.24333,0.2323163,1828.0547,111.14339,0.43153635,1855.3627,99.47627,0.24623357
12,1789.734,193.18484,0.14318559,1790.2444,179.95166,0.40519387,1784.9653,154.31796,0.63453627,1832.3507,169.81778,0.2973703,1827.3778,110.35093,0.4424648,1855.855,99.875565,0.22968116
13,1789.5886,190.63052,0.10075667,1790.8702,179.12917,0.31362945,1784.7073,153.74281,0.6288005,1836.2623,169.30513,0.33171436,1826.4954,113.75659,0.45576885,1855.27,100.34578,0.20467104
14,1790.031,188.10846,0.059023034,1791.8718,178.74564,0.24408287,1784.9344,153.89134,0.67409396,1837.5193,168.61357,0.2900216,1826.2621,112.774704,0.4610946,1856.1262,100.329575,0.2321454
15,1788.4358,189.53767,0.092540406,1786.2854,178.42918,0.19869201,1785.4657,154.50606,0.4434831,1838.5724,162.8163,0.2477476,1823.926,115.85222,0.49133492,1854.8998,100.74011,0.26707742
16,1788.6381,190.58702,0.0912846,1790.0486,178.7448,0.26533273,1785.9279,153.30191,0.5580758,1839.4313,163.3039,0.2800613,1825.0382,116.5623,0.49692962,1856.2415,100.49663,0.25280124
17,1783.1451,188.04218,0.07135425,1790.3722,178.88025,0.22450617,1785.4556,153.71999,0.5955696,1836.0065,169.24754,0.31887776,1825.8442,118.08648,0.5061481,1856.1763,100.209045,0.20832755
18,1839.898,187.08653,0.050435774,1784.8615,179.21964,0.16860959,1786.1691,154.36914,0.60727024,1836.5807,170.23094,0.3891632,1823.558,115.93082,0.5008913,1854.7289,100.77158,0.25121078
19,1783.16,179.1502,0.046934165,1789.6661,171.90195,0.14893138,1784.7406,154.7247,0.4993052,1835.991,171.07759,0.4165545,1824.1665,115.44134,0.5888762,1855.6392,100.7074,0.25909466
20,1781.7412,188.04532,0.049579434,1790.3856,178.28906,0.20424794,1785.9026,153.5003,0.58632886,1836.471,170.70863,0.42054465,1825.6213,113.764305,0.51465684,1856.1299,100.718735,0.22587982
21,1788.693,188.28195,0.05568745,1790.1238,177.52283,0.24185023,1785.6104,151.60654,0.59162056,1835.5038,169.06766,0.34278345,1825.7976,111.88911,0.47742727,1855.8561,100.29723,0.25078005
22,1796.8429,188.58716,0.044196226,1791.228,176.34308,0.22757924,1784.8357,151.84494,0.6170801,1835.337,169.3226,0.33146888,1826.1993,112.42596,0.45192453,1855.8259,100.82797,0.22279577
23,1804.9509,185.20938,0.052769676,1793.2681,175.51747,0.22425522,1783.9373,151.5132,0.6306423,1837.083,169.40916,0.317036,1825.9558,112.013115,0.5474011,1854.8524,101.870445,0.21612807
24,1803.582,184.61414,0.05837462,1792.0262,174.91202,0.25982597,1783.322,150.6417,0.6709429,1836.049,168.76793,0.31841698,1825.8984,111.7918,0.5775723,1855.6339,100.53273,0.25565287
25,1811.2274,187.35956,0.053478252,1792.0698,174.2361,0.24125722,1783.4586,149.44054,0.68680227,1836.092,168.72543,0.26278877,1825.7772,111.868965,0.5273183,1856.8365,101.1739,0.2119533
26,1811.2946,186.13385,0.064296804,1792.6633,172.7083,0.26922086,1783.2052,148.63087,0.72992265,1836.2026,169.22447,0.28673092,1825.2092,112.834145,0.4958663,1855.7523,100.596664,0.21665052
27,1813.2078,186.73657,0.08240692,1793.2731,168.83694,0.26500523,1781.9628,148.33844,0.75377053,1835.5771,171.19597,0.34092832,1829.2726,113.82795,0.4819455,1856.4816,100.92151,0.15552807
28,1810.706,185.27887,0.081257135,1792.7515,169.13013,0.33824512,1782.4382,147.17772,0.76885784,1836.2645,166.69545,0.21058252,1825.7527,111.756454,0.45900026,1854.8877,100.39328,0.18891628
29,1810.6965,186.30334,0.082365565,1791.827,168.9704,0.28178972,1781.7719,146.90811,0.73755896,1840.255,168.23268,0.2902491,1826.8617,113.264465,0.5027308,1856.3918,100.11738,0.17959939
30,1810.0116,187.91092,0.099486634,1792.2837,172.43481,0.33561894,1781.6476,146.60233,0.75090647,1836.1581,169.63487,0.24262643,1826.4114,114.37505,0.5151538,1855.6016,101.01651,0.19056842
31,1810.724,187.56702,0.09486245,1790.789,169.57393,0.31563854,1781.3969,146.40395,0.7265909,1835.1758,169.07439,0.24103649,1825.5934,114.05063,0.5313584,1854.9512,101.17702,0.21457237
32,1803.9984,184.79152,0.08272557,1789.6118,169.8973,0.25183496,1781.7406,146.44615,0.65430486,1827.1392,167.01596,0.23437102,1826.8749,113.58652,0.55610085,1855.6428,101.484764,0.18989858
33,1804.4038,184.06488,0.056000367,1789.8461,162.70712,0.20782617,1782.0168,146.25394,0.6164721,1837.4949,171.24413,0.25671938,1828.3384,113.444984,0.5692571,1856.6284,101.1317,0.183176
34,1805.575,183.7701,0.078619584,1790.6559,169.00258,0.25255197,1782.0084,145.80173,0.6648737,1836.3296,170.72859,0.28567103,1826.0254,113.87838,0.5592646,1854.9722,101.08122,0.2009931
35,1804.8807,183.73276,0.09974419,1789.6355,163.31778,0.26223704,1781.7698,146.08961,0.62563956,1835.919,169.28629,0.2817275,1825.9614,113.767624,0.5377927,1856.1957,100.91322,0.17042004
36,1806.3553,183.67586,0.09432255,1791.3604,168.57552,0.27469242,1781.5135,145.59262,0.6962332,1834.5044,170.61795,0.30657226,1826.1812,114.18797,0.5191716,1855.8115,101.017204,0.17632182
37,1805.855,182.60509,0.08847522,1791.265,168.31102,0.23936203,1780.2501,146.31432,0.72814083,1840.8224,167.6066,0.22655348,1823.9563,111.76266,0.5544732,1853.7797,100.16287,0.2072859
38,1805.5109,182.66805,0.103531964,1791.9847,168.55939,0.29018283,1779.7192,145.95769,0.83230656,1840.5383,168.59091,0.2721849,1826.4457,113.39178,0.50155294,1855.1354,100.29753,0.18416989
39,1812.2882,186.12416,0.08965807,1791.722,168.59383,0.2945314,1779.8767,145.6108,0.8111944,1835.012,168.6327,0.29723278,1828.5521,111.984245,0.5291931,1857.1241,100.9065,0.16868472
40,1804.6282,183.68143,0.093860336,1790.852,169.01147,0.28987736,1779.8845,145.92606,0.8366568,1837.1287,169.34424,0.2552979,1828.6722,112.26949,0.5249716,1856.8975,101.39737,0.18229073
41,1811.0187,185.14107,0.092500985,1791.0537,168.57306,0.31606382,1780.4635,145.25883,0.7950723,1826.8693,164.44656,0.25281718,1826.7793,111.88912,0.52113485,1856.4263,100.83774,0.18032251
42,1811.1807,186.26941,0.08736858,1790.588,168.9329,0.26799607,1780.8021,145.5875,0.70272464,1835.5645,168.16454,0.2524138,1823.9646,109.58796,0.5573418,1854.7714,100.39136,0.21777457
43,1805.2843,182.85745,0.09072904,1790.3672,163.6383,0.2475694,1780.3846,145.16281,0.7363607,1836.4514,170.26558,0.32798415,1827.2205,112.78942,0.52482677,1855.342,101.15871,0.19080286
44,1806.3639,181.72029,0.075150385,1790.5518,163.06738,0.23337972,1780.296,145.52908,0.6913609,1828.1288,166.13107,0.3043824,1825.8685,113.27484,0.55853516,1855.2648,101.11193,0.1969612
45,1803.7756,182.14853,0.07807142,1790.138,168.4883,0.2829241,1779.8708,144.79842,0.75322896,1835.6472,167.76169,0.24431808,1825.431,111.37797,0.52868015,1855.025,100.56889,0.220669
46,1804.6537,183.65459,0.113069504,1789.8442,169.03566,0.24508044,1779.8231,144.91461,0.71376413,1834.7484,168.80733,0.33446643,1825.7109,112.87036,0.5607759,1855.2627,101.14645,0.20247297
47,1805.1299,182.84201,0.09719828,1790.7164,167.94049,0.31423873,1779.9238,144.2422,0.7086661,1826.5902,165.7201,0.2592597,1825.5132,113.21937,0.51005685,1855.1951,100.55999,0.16961516
48,1811.5316,184.14294,0.10177575,1792.4293,167.93587,0.3156436,1779.617,143.30551,0.75823116,1826.6952,163.58438,0.23387888,1824.5737,111.074646,0.472108,1854.3218,100.28311,0.19468151
49,1806.3723,183.41843,0.10409457,1789.6176,163.51218,0.20757833,1781.0365,144.13268,0.5457701,1835.6351,167.77281,0.24423072,1824.3729,111.458,0.5401241,1854.6765,100.98349,0.20780626
50,1806.4254,182.33652,0.10027072,1789.7314,163.21155,0.24706848,1780.688,143.46396,0.6414049,1826.6857,166.5688,0.24378015,1825.316,113.16294,0.48614106,1854.9729,100.87073,0.16336836
51,1812.8862,185.7751,0.094951764,1789.6658,162.9093,0.24876517,1781.1501,142.71935,0.578024,1826.2639,166.58475,0.2327113,1824.6545,113.23447,0.5024696,1854.969,100.72658,0.18402348
52,1812.7936,183.99387,0.04702366,1789.3525,162.29335,0.18763453,1780.7651,142.55296,0.5229714,1828.716,162.58533,0.14409421,1823.2083,108.87647,0.5555048,1855.4404,100.298225,0.20369771
53,1806.9407,180.46269,0.06488277,1789.2288,162.52684,0.14256287,1781.1859,142.17523,0.45585763,1828.2667,164.94188,0.1599216,1824.7957,112.84455,0.53350437,1855.5746,100.53451,0.17652057
54,1803.3229,182.14319,0.06269337,1788.304,164.41977,0.24482043,1780.2618,142.94022,0.5049287,1827.7227,162.88924,0.15943043,1822.556,108.952415,0.63913506,1853.3276,100.068726,0.24673517
55,1807.5028,179.672,0.071477234,1789.1329,162.69734,0.15172583,1779.8513,141.37065,0.4428552,1849.2528,156.26546,0.16374925,1823.1321,108.69133,0.56595534,1854.8044,99.977394,0.24059826
56,1806.1002,183.09938,0.052660037,1788.2709,162.12645,0.117612265,1780.7157,141.99207,0.32588348,1827.418,165.14038,0.13207696,1821.6368,117.18851,0.47000182,1853.3655,100.25882,0.18539521
57,1805.9844,181.08516,0.067662776,1787.9518,162.8928,0.14153075,1780.0005,141.6786,0.35530224,1842.4453,164.02133,0.15004712,1823.6995,113.223755,0.509826,1854.8132,100.63468,0.21428537
58,1804.6912,183.42273,0.046339605,1787.8799,162.909,0.1186061,1779.9933,141.81209,0.2983518,1842.9742,164.46373,0.1521613,1823.5062,112.16072,0.5471304,1854.6709,100.74371,0.21628425
59,1805.3123,180.42596,0.07136604,1788.0271,163.34453,0.14257452,1779.4651,141.47122,0.33471814,1828.1185,165.38869,0.1843338,1823.0872,110.12506,0.54722756,1855.0896,100.01537,0.22791564
60,1806.9011,181.02411,0.047484223,1788.6901,162.87386,0.15380092,1778.7052,141.10579,0.3325277,1835.2534,170.10985,0.262562,1824.3274,110.88477,0.5822789,1854.6615,100.9859,0.21810882
61,1783.8601,145.65118,0.025710402,1788.5371,161.2133,0.09595853,1779.3503,141.41301,0.2940916,1834.7148,170.4028,0.25339392,1822.2776,113.65594,0.5427662,1853.2577,101.21549,0.22750975
62,1791.5994,170.84865,0.023867538,1786.8674,153.76157,0.08219635,1779.4298,141.84532,0.30141565,1843.0107,173.43228,0.19810455,1822.7216,113.75872,0.5793763,1855.7242,107.66935,0.19813506
63,1784.1438,145.58972,0.025948837,1786.587,153.0589,0.0792486,1779.5745,141.20679,0.28879505,1849.1963,156.487,0.13655846,1822.7805,111.63463,0.5611692,1850.3983,100.04955,0.19437753
64,1790.6642,170.96982,0.031625606,1787.1605,161.09216,0.11915776,1779.2782,140.45645,0.24638997,1827.7518,161.45831,0.10459963,1822.1605,110.27837,0.56690097,1849.4796,99.63812,0.21340574
65,1783.4481,145.95451,0.036566798,1788.162,161.28926,0.105488256,1778.6915,140.52473,0.25999245,1827.732,163.22046,0.15138097,1821.9592,109.66071,0.6150557,1849.1737,99.606964,0.21857363
66,1806.8059,181.68364,0.044946052,1787.9645,161.4162,0.16427074,1777.8081,140.07944,0.3581864,1826.9904,163.71446,0.19428256,1823.7892,111.037636,0.6008208,1854.3301,100.49906,0.17683427
67,1807.4414,179.11461,0.061148707,1789.0864,161.52544,0.15221794,1777.3811,140.0188,0.45883942,1825.9221,165.3384,0.24838845,1826.597,113.71895,0.40759996,1854.7441,100.24161,0.14214599
68,1806.0331,181.88905,0.056414388,1787.6335,162.65219,0.22001731,1776.0275,139.5109,0.4987732,1827.3942,163.1669,0.17619632,1824.0894,108.64044,0.5024442,1854.8667,99.29868,0.17128843
69,1790.4093,172.23988,0.06078143,1786.6417,162.58028,0.20422903,1777.3928,139.68974,0.3329225,1828.576,162.33842,0.18146132,1822.879,108.26566,0.667908,1850.3633,99.5146,0.21565808
70,1784.3339,170.40875,0.0389311,1787.2692,161.7391,0.13748148,1778.5732,139.49591,0.3027558,1826.8628,163.6212,0.13492036,1820.8993,119.17069,0.43124786,1851.0001,99.01265,0.11457849
71,1790.779,171.21811,0.04688582,1787.1007,161.98146,0.16660789,1778.2336,138.52632,0.32060394,1826.819,159.81586,0.12895955,1820.5867,118.66768,0.49279788,1851.4435,99.60151,0.14345655
72,1784.5831,169.8808,0.03384948,1787.68,161.40884,0.099363394,1779.1569,139.46887,0.35043773,1827.46,164.30956,0.14942266,1822.8843,119.89824,0.46045896,1855.5488,100.29419,0.10100281
73,1784.5254,170.5411,0.04041274,1787.106,161.80249,0.10956749,1778.8473,138.93639,0.34110847,1826.7582,165.8334,0.156236,1824.5277,114.92588,0.45091072,1855.2083,100.30836,0.10657969
74,1784.3861,170.24928,0.04397388,1786.773,161.79498,0.120293595,1778.9791,138.72247,0.30777803,1827.9674,165.01723,0.16650285,1824.4169,110.221176,0.5545219,1850.9326,99.21407,0.18132828
75,1791.241,170.82314,0.04951432,1787.0697,161.64578,0.2253172,1777.5421,137.39227,0.44560662,1825.6375,163.78717,0.18534836,1824.9014,109.15824,0.49360654,1854.5251,99.31588,0.13629538
76,1784.5177,168.9562,0.036824957,1787.4307,160.18037,0.15802437,1776.8113,136.74176,0.5017149,1829.0305,162.7169,0.13701928,1825.3303,109.92097,0.5449375,1854.9681,99.651924,0.14640063
77,1784.4642,168.71895,0.040256746,1786.6393,160.38033,0.16921072,1777.1246,136.49536,0.5025934,1832.0592,139.96423,0.10884198,1824.6736,109.37667,0.5338206,1851.0488,98.162994,0.1411683
78,1784.2026,168.98186,0.043908503,1786.445,160.1258,0.14029571,1776.9388,136.03009,0.54128814,1828.7803,133.23141,0.10369696,1825.187,109.16531,0.5180585,1855.3176,99.278015,0.14097887
79,1784.4645,170.46494,0.05849532,1786.0726,161.5059,0.18837799,1776.8452,135.67348,0.5638672,1827.5905,162.70345,0.15000767,1825.3864,108.98899,0.5162373,1855.3463,99.37419,0.14595976
80,1807.4829,177.8027,0.06661296,1786.7993,160.82411,0.19060628,1776.1304,135.21217,0.6107904,1826.5135,164.11441,0.18252604,1825.7233,109.52662,0.53704196,1860.2952,109.85919,0.13468881
81,1784.0533,170.27048,0.059674602,1786.6068,160.62611,0.19550958,1776.0027,134.78093,0.5984411,1825.9045,163.64297,0.16485213,1825.4227,109.9916,0.50791407,1851.4458,98.68083,0.1431798
82,1790.173,169.8848,0.06600734,1785.6965,159.60019,0.18041927,1775.0535,134.0815,0.65701914,1825.9717,159.60783,0.13450885,1823.894,109.58474,0.513812,1849.3594,98.90744,0.1527674
83,1782.5126,169.64532,0.047347445,1785.6526,159.97665,0.12534969,1775.8774,133.98944,0.55830336,1831.9076,140.58838,0.101565056,1824.4333,108.12133,0.53733116,1855.5806,98.739136,0.14517622
84,1783.7708,170.72116,0.061930485,1786.5048,160.15506,0.15695485,1774.8324,133.43697,0.63657343,1826.3792,159.69057,0.11390796,1824.2943,107.396645,0.5479264,1854.8169,98.25159,0.17876028
85,1783.435,170.368,0.05674623,1785.8218,159.89307,0.16720602,1774.393,133.31963,0.6832249,1854.7988,177.34961,0.13606657,1825.3209,110.47464,0.49454385,1859.1173,110.384056,0.13863271
86,1809.423,176.07468,0.059754375,1779.2607,157.93213,0.13990837,1773.9594,132.61545,0.7928244,1855.0848,180.01057,0.15784489,1825.6516,111.84926,0.42014274,1854.962,99.1907,0.13135763
87,1809.2046,176.32774,0.08137241,1777.9596,153.17638,0.13718453,1774.4514,132.7396,0.7433649,1853.8048,177.50085,0.16234462,1826.3785,110.30067,0.52958655,1860.9451,111.08214,0.15947844
88,1813.4874,174.52466,0.050718572,1779.0817,157.28078,0.15314522,1773.746,132.14665,0.78739095,1828.0022,160.8012,0.13053615,1824.9976,107.16183,0.45825788,1855.622,97.534836,0.13335699
89,1791.8633,168.35179,0.062704556,1779.7799,157.01701,0.19873247,1773.3943,132.11911,0.8598802,1828.3407,160.39406,0.13034205,1825.7188,107.612724,0.44100222,1855.3549,97.767334,0.13715635
90,1790.583,168.82416,0.06571689,1782.4032,158.81561,0.26998052,1773.1462,132.02625,0.8534659,1827.7595,159.88573,0.13862856,1825.7557,108.0845,0.4350198,1854.8021,97.875015,0.13505892
91,1783.762,167.94852,0.061330076,1778.3511,156.5513,0.23533574,1772.8239,131.60669,0.8439889,1831.3755,138.85512,0.121077776,1825.7278,106.9832,0.5038416,1854.7246,97.209885,0.15706336
92,1814.0067,175.45229,0.058760524,1778.5988,156.93463,0.25602236,1773.043,131.26344,0.84886193,1828.2141,160.89838,0.14586048,1825.8116,107.99685,0.4189754,1855.161,98.75666,0.17427327
93,1790.9783,168.94182,0.069304384,1778.9106,156.961,0.26131487,1772.8982,130.8802,0.8240269,1825.0853,162.07353,0.15736361,1827.016,108.83005,0.4202157,1854.8619,98.61105,0.14032398
94,1783.76,167.63089,0.059150204,1778.9438,156.53925,0.2969294,1772.79,130.69885,0.87132263,1826.166,158.75095,0.11087254,1827.4861,109.208885,0.34236184,1855.6959,97.65509,0.087264456
95,1814.6267,179.07571,0.082859606,1782.5243,157.67938,0.25672287,1772.6252,130.47913,0.849061,1834.1697,169.37338,0.22212857,1826.3596,109.61926,0.40947446,1855.2056,97.531586,0.13065992
96,1797.3994,171.03697,0.06384211,1779.2,155.92665,0.32536852,1772.36,130.03214,0.8049308,1826.4572,160.53824,0.12818427,1826.8298,107.19976,0.38803592,1857.0261,96.65775,0.096260466
97,1791.2631,168.3836,0.06741964,1778.3456,153.62807,0.2981817,1772.0032,129.67653,0.76952183,1828.1602,160.8343,0.10344675,1826.7224,107.56263,0.43721244,1855.788,98.54033,0.14032882
98,1798.4067,171.70511,0.07770054,1778.6942,153.15121,0.30632043,1771.5239,129.64291,0.74564886,1827.5223,160.73196,0.09870041,1826.7112,108.019806,0.468904,1856.0704,97.85345,0.13301744
99,1791.2964,167.65662,0.07324275,1778.5967,152.84084,0.29957178,1771.6272,129.00809,0.6963505,1837.5674,168.0226,0.123451546,1826.3762,108.447845,0.40153176,1856.1952,97.39057,0.10348512
100,1784.8118,167.92424,0.04522281,1778.4048,152.20573,0.2554378,1771.1549,129.13248,0.58841866,1837.0846,168.1635,0.11525553,1825.3993,108.37429,0.44213355,1851.4305,97.43684,0.06467942
101,1797.0916,171.86504,0.030904582,1783.4062,158.56099,0.108010896,1770.4222,129.50395,0.3389145,1857.699,177.97766,0.075495474,1823.9612,109.77511,0.37306017,1852.0913,97.01476,0.0700957
102,1761.2616,141.85774,0.021337213,1784.398,157.99442,0.05708966,1769.8547,128.09254,0.21205486,1820.2244,133.87558,0.03399159,1824.239,108.137276,0.21401909,1910.599,139.69147,0.044661727
103,1760.8262,109.876884,0.028850386,1764.395,154.97672,0.06420866,1770.3469,127.65723,0.27585095,1820.1127,134.31216,0.036205824,1824.2106,108.202065,0.30365196,1906.5679,140.45132,0.03831168
104,1782.5645,167.74983,0.023407377,1778.8684,152.04288,0.08185609,1770.1803,126.56781,0.368426,1862.3577,177.21991,0.036488015,1822.0111,109.03295,0.22840513,1909.6852,139.89676,0.055818245
105,1760.2557,109.39717,0.019016577,1784.237,159.2623,0.026162917,1770.444,126.223625,0.1149569,1863.955,178.42336,0.04556029,1823.994,108.733925,0.16534445,1909.8035,140.4821,0.10417285
106,1760.4973,141.54358,0.016882349,1785.3488,159.41728,0.032469988,1769.796,126.26633,0.1253392,1861.7178,180.01216,0.08283151,1822.627,110.31011,0.18240961,1905.7074,140.93382,0.09273499
107,1753.1815,119.549416,0.0154893,1882.7894,103.96443,0.019591436,1769.8214,125.48274,0.09042556,1862.1174,180.55154,0.08337729,1823.0272,109.44175,0.22070742,1909.9071,138.79657,0.06719983
108,1761.1279,110.41413,0.017131744,1883.2234,103.636406,0.023305595,1769.8616,125.86677,0.13127796,1862.1667,177.77153,0.042102415,1822.1392,109.19904,0.2959472,1910.225,138.4703,0.04865901
109,1761.8507,110.31273,0.028956177,1762.9858,155.26389,0.026327094,1769.8076,125.91632,0.16564883,1859.0818,180.61987,0.10073142,1823.4669,110.74429,0.35048664,1908.174,138.69394,0.115757346
110,1761.3151,110.95476,0.018513113,1763.485,154.96577,0.033778463,1769.684,124.445114,0.21777011,1863.3934,179.40173,0.0482193,1822.0896,110.04454,0.21496877,1909.4482,140.3235,0.10762659
111,1795.9323,171.21356,0.022043943,1784.3346,159.46004,0.033905707,1768.986,125.07928,0.23950769,1863.0925,173.02075,0.03919724,1820.2036,109.373924,0.25648287,1911.1104,139.83931,0.060064863
112,1750.7004,106.30673,0.019115577,1784.3611,159.51851,0.029719118,1769.0327,124.13333,0.15746547,1862.6768,173.66388,0.045424785,1820.6571,109.02058,0.30736646,1910.7275,138.38588,0.06550565
113,1783.4932,136.36104,0.02156812,1779.1783,152.2372,0.03480064,1769.1636,123.208855,0.17310326,1864.1466,172.67159,0.034280114,1816.074,109.81359,0.24541442,1910.9043,138.22887,0.07142183
114,1783.2466,135.11964,0.021174178,1883.3021,103.56727,0.020738665,1768.8737,122.6834,0.111111775,1864.132,170.88022,0.030019434,1819.7281,108.09512,0.22765602,1911.5889,136.14685,0.068785414
115,1754.0735,119.68448,0.014293653,1883.2003,103.64248,0.017279534,1714.1675,76.56915,0.061293535,1864.9664,172.33344,0.033064313,1837.531,97.11293,0.14320089,1912.0593,135.78673,0.063163064
116,1888.9,179.53145,0.012052622,1882.3909,102.45984,0.02629167,1771.9303,121.98401,0.04545174,1863.2007,169.26294,0.026799172,1821.8245,109.524864,0.19112946,1911.1934,137.4479,0.063011296
117,1751.9591,105.47186,0.021499911,1739.2819,83.95827,0.026594015,1713.0695,76.32273,0.06309812,1862.55,171.52632,0.035859164,1814.6102,111.303856,0.1694129,1911.3643,137.93259,0.068182774
118,1892.1614,173.91098,0.012128635,1738.5798,88.10547,0.020534834,1715.2936,76.65716,0.06181176,1863.3389,172.18423,0.04411778,1836.2552,97.54404,0.16548288,1911.2596,138.32593,0.062060863
119,1751.855,105.3363,0.015139864,1882.6752,103.41429,0.023293534,1715.566,76.63285,0.064631045,1863.6107,173.84131,0.045536682,1853.0681,140.46352,0.16678184,1857.2566,96.587494,0.076899834
120,1886.7029,131.12753,0.013373989,1882.6641,103.72026,0.01924498,1714.9946,76.64063,0.06693526,1863.265,173.34372,0.034687236,1833.9089,97.73297,0.18096544,1911.9973,138.08165,0.063320465
121,1755.13,120.687614,0.01901148,1698.1357,91.303635,0.02837248,1715.2573,75.57927,0.09525987,1745.3201,31.569593,0.024872117,1833.9192,98.50422,0.15934117,1851.7511,95.757454,0.058196347
122,1888.1532,181.27502,0.01376749,1882.6774,104.4962,0.020117182,1714.1633,75.56148,0.050478306,1861.7942,171.52881,0.019061755,1835.6128,98.50694,0.16094212,1912.16,139.07944,0.041690554
123,1892.0095,172.74477,0.0116158305,1910.5073,243.35893,0.026899382,1713.4438,76.217285,0.039601054,1744.4231,31.827068,0.017436408,1835.4153,98.34216,0.16203196,1858.0675,103.641014,0.05028073
124,55.991886,58.24345,0.016516183,1697.9847,91.50491,0.026899533,1716.5001,75.36806,0.0924842,1861.5007,171.54199,0.029643072,1834.439,99.447975,0.14215307,1861.1421,99.46606,0.053345982
125,1909.9354,238.97615,0.016230814,1697.0359,91.0779,0.01878611,1715.5474,75.39934,0.058151886,1853.4572,179.45647,0.034962643,1842.0168,123.94669,0.10279941,1858.8331,104.93175,0.039305724
126,1910.2906,238.39136,0.012079313,1698.7924,91.13819,0.026094709,1714.0342,75.55367,0.08728284,1853.0723,155.23842,0.03033971,1834.9231,123.05498,0.12267311,1893.1917,123.01965,0.03450408
127,1891.0997,174.2663,0.014504303,1697.7896,91.17105,0.021713682,1715.8043,74.79897,0.070718236,1862.0826,176.01396,0.03187079,1835.1754,98.38335,0.104968175,1910.9878,140.66736,0.052025896
128,1907.4191,220.31738,0.013505076,1698.0264,91.62469,0.024360394,1716.9896,74.873055,0.09572186,1860.7047,180.76224,0.08375652,1835.9348,98.81756,0.14836012,1894.3328,125.08836,0.061485175
129,1891.178,174.07234,0.013621664,1914.5614,244.47682,0.017427513,1714.821,75.72941,0.07228028,1858.0754,179.49654,0.044892855,1836.9249,125.23698,0.110445336,1911.0236,141.18471,0.04940719
130,1757.978,94.11763,0.012626865,1898.776,151.70549,0.018161638,1712.2614,75.59605,0.03413068,1857.7375,179.4677,0.025511444,1833.3086,122.82594,0.14562698,1857.3773,96.80327,0.050467122
131,1758.1877,93.4019,0.010645257,1697.485,91.02027,0.019613823,1713.6226,75.86068,0.063285284,1853.3965,178.97343,0.045248285,1836.0851,125.09118,0.16302434,1894.1189,124.06327,0.0500161
132,1891.3414,173.87083,0.013541158,1697.3298,90.42754,0.013817537,1712.8175,75.96524,0.031006435,1769.95,160.87201,0.02764862,1837.2974,97.91114,0.100142956,1908.0437,124.06555,0.049105678
133,1907.8573,219.65388,0.01363889,1739.6407,88.63195,0.039367918,1714.9147,74.899414,0.09325351,1865.4758,183.19562,0.027133666,1836.3412,125.94389,0.116351835,1894.3811,123.84936,0.036804218
134,1913.3179,228.2225,0.013684558,1891.945,154.02568,0.020335581,1714.3147,75.452614,0.026686901,1856.4791,180.09647,0.028136745,1834.317,123.26986,0.14512934,1851.865,96.24556,0.038730692
135,1911.7708,239.38393,0.016037572,30.98009,44.43774,0.020208532,1838.3728,184.1163,0.030230014,1859.2253,181.4234,0.09499005,1884.273,155.31628,0.124858335,1907.6144,124.78006,0.060681187
136,1908.0424,242.89622,0.01333059,1698.0236,90.47951,0.020411614,1712.116,74.7475,0.054434028,1849.6143,177.0931,0.06314642,1836.0043,124.00175,0.113227285,1895.9702,132.10486,0.034732427
137,1915.0415,220.25037,0.011177867,1914.8119,244.72653,0.020605383,52.867767,56.767826,0.039268117,1848.7122,178.09366,0.08789446,1835.567,123.99205,0.10754992,1914.8665,95.735695,0.034001645
138,1846.7877,174.75168,0.009962242,42.895267,32.266563,0.02013853,1712.6951,74.91663,0.02456431,1849.0107,177.58072,0.12228538,1834.9532,122.824265,0.12625758,1857.5919,96.34893,0.050423853
139,1911.8524,242.42465,0.01308524,30.512306,44.70095,0.024278339,1838.8009,183.68323,0.023328263,1849.8464,177.90434,0.10364578,1834.8967,122.77442,0.12639213,1914.9832,95.553406,0.05707686
140,1912.0934,238.57292,0.014808702,43.045177,32.1733,0.023992443,51.60386,56.486996,0.025247112,1851.4136,158.09248,0.055699397,1832.977,121.59712,0.1667514,1850.9103,96.892456,0.077487834
141,1897.0338,243.88583,0.012151622,43.105576,31.993395,0.023709387,51.673084,56.148018,0.02890565,1848.7083,155.68394,0.04376156,1833.3003,121.53626,0.16142942,1857.7843,103.760826,0.050775226
142,1911.4635,243.82617,0.018406035,42.667862,32.403767,0.021816418,52.590862,56.95219,0.0420797,1852.781,158.2347,0.049236488,1828.9875,123.145065,0.16273223,1913.9092,94.844086,0.05702187
143,1741.6909,90.831535,0.01378172,30.053123,44.512943,0.017241407,54.044262,56.687714,0.05176974,1842.32,165.92795,0.02154842,1805.9484,94.552605,0.15118636,1912.2195,156.54646,0.03299053
144,1902.5214,247.14343,0.011380013,1768.5292,141.32164,0.020107964,1755.438,115.44858,0.061248206,1848.6223,154.48027,0.022620723,1809.1047,93.85303,0.16967699,1894.2955,123.66723,0.0297393
145,1742.5956,99.74381,0.014143116,1767.5251,140.5522,0.021653907,1753.025,114.47754,0.07528091,1848.9187,154.57124,0.023443691,1807.2678,94.11624,0.12015334,1915.1903,94.7778,0.029720789
146,1744.8353,109.81761,0.013214481,1754.3247,126.54401,0.06787344,1750.711,114.36624,0.21005373,1753.0634,116.949425,0.022124685,1807.4475,93.45742,0.2003124,1914.5548,95.53209,0.04164143
147,54.813786,56.034943,0.016160866,1770.1654,143.47603,0.022452243,1750.122,116.10375,0.13686833,1852.3143,157.09279,0.054464888,1813.6464,95.780495,0.2858836,1847.1415,97.651474,0.07763564
148,1759.4574,138.04056,0.044241,1757.4465,143.00763,0.12609482,1747.0345,115.66582,0.55509853,1789.8147,152.05923,0.051109444,1806.1182,94.122894,0.3128887,1848.7877,104.64968,0.06134281
149,1760.0316,138.33438,0.057446823,1756.6183,141.86238,0.1762375,1745.3711,116.16455,0.63970876,1850.4445,155.44199,0.074099146,1805.5353,93.57217,0.28280947,1912.6411,95.35686,0.061766982
150,1776.3464,155.46985,0.06312067,1758.7583,146.61598,0.20361312,1745.2084,116.486626,0.66333264,1760.1129,117.54833,0.036570117,1805.1636,94.02428,0.28292143,1841.1847,102.811646,0.060132794
151,1757.1659,137.21439,0.06173775,1754.2578,142.2122,0.11608064,1743.0322,117.487595,0.44189498,1751.9083,127.76627,0.03390161,1791.2769,92.993286,0.18788958,1914.5024,100.88771,0.05344813
152,1756.7594,137.41467,0.048243657,1752.7983,142.388,0.1757788,1741.0626,117.66248,0.38027507,1742.2476,119.70906,0.05164764,1793.4347,93.46266,0.14487211,561.40924,118.42321,0.03741321
153,1764.6777,150.34131,0.030983174,1752.7496,143.07144,0.1097749,1740.8774,117.322975,0.2411464,1743.3494,125.7671,0.02488812,1785.6893,107.83122,0.16357552,1839.1298,96.92198,0.040235557
154,1763.01,149.04216,0.024080701,1751.9125,142.3918,0.059555385,1739.3217,117.25151,0.17771056,1732.9902,98.00042,0.03008819,1791.0248,105.26311,0.21593241,1916.7908,92.80052,0.04472766
155,1740.1436,100.62323,0.015568696,1680.0996,91.11761,0.031019375,1701.9734,75.408134,0.059319902,1711.0374,16.655636,0.018428009,1808.8137,95.651436,0.13144872,1917.2843,93.782745,0.04565438
156,1902.4496,237.77496,0.012269659,1729.5684,140.08517,0.01923784,1735.9865,119.54583,0.1262715,1760.5918,82.02243,0.019709555,1790.5186,105.55294,0.16555509,1688.1182,105.41189,0.027924092
157,1717.411,102.603294,0.01438642,1898.923,152.10217,0.027738076,1910.3413,150.62509,0.023985336,1725.9072,84.66244,0.013547669,1806.9388,96.42084,0.12024736,1916.9167,171.56555,0.022187503
158,1910.6943,239.28639,0.021233024,1898.8251,151.98871,0.027095035,1910.875,150.59303,0.022403037,1709.6597,83.996544,0.010636,1793.5792,92.797455,0.120040335,563.40063,114.6302,0.019830365
159,1717.697,105.24181,0.013887191,1885.779,152.39462,0.029271571,1909.6652,150.77052,0.02717029,1725.2456,100.32775,0.014641804,1791.6217,108.09362,0.073265694,1916.8301,92.17997,0.02570692
160,1894.3837,159.13033,0.016525462,1884.8954,152.16293,0.038072813,1897.5933,151.44838,0.023724426,1723.9231,99.98214,0.01807681,1900.2501,96.51723,0.07719342,1915.8004,92.11615,0.029482996
161,1891.2123,159.99937,0.014495655,1885.9388,152.10974,0.03461111,1908.8691,151.03459,0.030523602,1724.9725,99.284325,0.021548502,1894.2316,97.130356,0.08082634,1914.9524,93.135506,0.06184018
162,1908.0276,161.11314,0.013558053,1885.42,152.19078,0.031624712,1719.6222,120.69097,0.031090496,1725.2518,99.602036,0.015009526,1902.2257,96.63972,0.088302575,1660.2141,117.58181,0.032658406
163,1891.2139,93.41457,0.013661828,1897.4419,151.61067,0.022913335,1894.8417,150.38852,0.051987797,1897.1514,191.92215,0.018946037,1893.2026,98.36684,0.101169944,1912.9624,93.409134,0.11053336
164,1891.5,93.65318,0.016835155,1910.5127,146.29779,0.023333615,1893.2488,150.5242,0.0456841,1906.3265,126.69862,0.019601427,1893.8445,98.88621,0.092281744,1913.4672,93.35722,0.11621918
165,1891.5576,92.53316,0.017163198,1904.723,145.42133,0.03755686,1892.8276,150.82207,0.062075444,1896.6357,191.00607,0.015433965,1891.9215,110.62458,0.10652529,1911.7605,93.48581,0.1269393
166,1698.4889,132.9791,0.014876227,1905.5006,143.0177,0.042622667,1894.0016,150.49667,0.038451098,1714.5449,99.67735,0.01462145,1900.9502,97.83091,0.10506571,1912.6628,92.26409,0.08261433
167,1891.6609,85.23186,0.014201891,1904.7456,143.06718,0.04372425,1894.999,150.03426,0.03912917,1895.425,126.45412,0.039306324,1889.0526,96.6024,0.13655889,1911.534,90.96802,0.10500847
168,1906.1495,168.57115,0.018944347,1904.0577,144.07779,0.038306326,1860.031,133.07533,0.0324784,1895.6057,122.83495,0.0341917,1884.4944,95.86629,0.15956602,1913.0576,89.8111,0.099069476
169,1914.4849,150.64853,0.01815317,1910.3447,143.75623,0.034707643,1895.3611,148.72173,0.027207837,1894.1005,123.28548,0.018772537,1886.2719,107.75146,0.12098168,1912.4536,91.447876,0.08164257
170,1840.0939,168.42635,0.013337359,1905.259,142.7506,0.017556826,1841.722,134.05681,0.02145371,1897.8419,125.06853,0.03347865,1884.2281,110.405716,0.11248748,1913.088,158.43442,0.08188638
171,1906.7225,152.93364,0.023363175,1904.8967,142.19089,0.017763568,1911.101,135.83719,0.020799281,96.73495,136.59102,0.020767935,1887.8124,184.10706,0.09678352,1914.7258,160.93784,0.16857271
172,1905.9409,151.33449,0.022556117,1895.9673,141.61171,0.018038493,1909.9199,135.40726,0.027995469,1896.7606,202.70845,0.020183884,1894.9951,174.10854,0.09017133,1915.8726,159.48082,0.083227664
173,1698.792,122.73596,0.019568225,1896.1576,140.91026,0.029525511,1831.0989,163.96452,0.021883622,97.00908,135.32904,0.019398201,1855.0369,119.704025,0.08557822,1913.6034,157.86113,0.12537207
174,1695.789,121.75244,0.017422158,1896.5277,140.81921,0.03623153,1910.6821,134.50581,0.02299419,1799.5275,155.60553,0.025033284,1872.9044,175.24606,0.084013365,1914.4836,157.49162,0.15172979
175,1692.4929,122.09595,0.015453366,1896.925,139.84315,0.030914402,1909.002,134.36746,0.029557955,1895.1836,193.0356,0.026505316,1871.6991,174.70776,0.068947345,1901.9178,159.01009,0.06694848
176,1692.546,122.38489,0.02241915,1896.6959,139.06282,0.026522199,1909.5349,134.18196,0.03686945,1896.7355,200.62396,0.017971572,1902.7513,164.47809,0.09380356,1915.4078,156.03842,0.21617962
177,1898.4783,135.97466,0.02346258,1896.5807,135.08006,0.01954843,1897.0752,133.7777,0.030949282,1895.5378,194.27425,0.03048289,1887.5905,163.17993,0.18967824,1913.4064,150.84384,0.29730365
178,1899.5023,136.12189,0.020987542,1866.2987,154.9742,0.019353293,1896.754,133.76025,0.040939584,1895.6772,193.96971,0.03744366,1888.0555,161.43161,0.30874473,1915.0482,149.37839,0.30024076
179,1892.2454,163.69359,0.02103282,1914.7799,245.20651,0.019188287,1895.4446,133.54126,0.03689948,1895.8807,195.37001,0.029753344,1888.5988,161.81187,0.28275704,1916.291,150.41942,0.2945852
180,1891.28,163.72246,0.019191766,1906.4781,168.29155,0.018934254,1895.8414,133.36882,0.025358994,1895.6869,195.05304,0.029959068,1888.0189,161.53781,0.25406513,1913.9586,149.82077,0.31286433
181,1891.0842,163.5527,0.019763414,1906.4501,169.10635,0.022771403,1895.1376,134.3407,0.040296912,1797.6556,154.67044,0.022549303,1886.7639,161.5506,0.25838634,1915.3882,149.73947,0.28138265
182,1890.1423,153.03381,0.01582675,1867.4718,141.25183,0.016570548,1895.3036,134.03474,0.035385825,1782.238,156.87323,0.035860613,1903.6367,158.99516,0.15084808,1916.2267,149.0293,0.14347914
183,1919.7007,120.001205,0.013141755,1911.5593,119.488976,0.021635618,1894.7935,133.85422,0.033735193,1896.3534,199.5387,0.020569876,1885.8816,166.73886,0.13166991,1914.3973,151.55377,0.18273613
184,1889.5209,155.52682,0.016554302,1912.5305,105.43301,0.019979078,1894.7654,133.64963,0.033692967,1782.1271,155.91167,0.041614987,1886.9003,159.87836,0.14135948,1915.8883,148.75455,0.13510233
185,1888.7375,155.86047,0.016944313,1678.2949,130.40555,0.020254634,1893.4127,133.64597,0.038949072,1782.3151,157.81914,0.02813728,1903.5208,157.45322,0.10375599,1915.3367,148.66766,0.103677
186,1889.0265,155.7498,0.018253611,1867.9158,140.70776,0.020105531,1893.3096,133.32051,0.033831544,1887.1622,186.97208,0.029207593,1883.6996,159.62697,0.2672878,1914.2694,147.12299,0.21265273
187,1678.3126,130.2249,0.02014308,1677.2783,130.97711,0.031969655,1891.9458,133.04582,0.035626978,1844.2169,136.64398,0.030294653,1881.6617,158.57094,0.13087782,1914.7634,148.35376,0.1635279
188,1911.729,131.21465,0.017251957,1675.8502,123.89674,0.026283715,1892.952,132.62756,0.032333236,1896.6066,198.93878,0.029678924,1880.9989,165.51326,0.16627316,1913.2762,150.19037,0.22949114
189,1678.0343,133.57744,0.017487265,1677.2344,131.5281,0.034715436,1893.0571,132.0152,0.031314384,1783.7402,155.90317,0.038933672,1882.9894,166.74496,0.090111755,1915.609,152.1777,0.09375582
190,1673.4288,140.14139,0.021968678,1675.4014,125.11083,0.04079804,1893.2515,132.01645,0.029411443,1885.4877,188.65141,0.038108103,1880.9009,158.9951,0.25854045,1912.2423,148.98665,0.23771086
191,1673.1515,139.50629,0.02219485,1675.4883,125.31701,0.038775343,1909.4546,185.29874,0.02086058,1886.4246,185.92833,0.11902082,1879.3176,155.3467,0.52219206,1912.7411,145.4523,0.28902546
192,1672.6567,139.46368,0.01684737,1675.208,125.28749,0.031165652,1908.4231,174.95126,0.018738227,1886.7961,186.223,0.056431055,1873.2161,159.29337,0.40564007,1905.6696,146.25604,0.24527767
193,1677.2354,126.92043,0.018693548,1912.4236,104.62461,0.020686097,1833.7285,152.19116,0.017682722,1886.1635,189.03766,0.039505627,1873.5997,159.31091,0.27859324,1896.8484,147.28107,0.19197907
194,1907.0607,134.3705,0.025386604,1867.0239,138.79784,0.021207817,1832.6194,151.62311,0.01898824,1893.106,192.87549,0.048988845,1871.7355,158.0975,0.3736983,1895.4573,146.83405,0.27195394
195,1906.4901,134.35904,0.020563314,1867.3016,138.02814,0.01819414,1909.2357,174.01299,0.01809212,1886.3867,185.24168,0.056552984,1873.377,156.9276,0.3353968,1896.7026,146.70502,0.21337123
196,1675.7965,126.86317,0.019526884,1905.5398,132.5412,0.015780505,1908.9534,174.14954,0.01726205,1885.7219,187.9284,0.041159056,1874.5513,157.26462,0.24517734,1907.0286,147.32227,0.1767993
197,1908.526,133.93481,0.022118611,1906.1624,131.82433,0.02324824,605.7745,143.4901,0.018786447,1886.4496,184.40056,0.049004406,1872.8634,157.81471,0.19590418,1896.3053,147.5292,0.19056115
198,1907.6086,134.73695,0.028063314,1866.9983,137.56134,0.020133642,1909.5663,174.96317,0.017484605,1885.1958,186.0648,0.03248575,1870.7695,158.71895,0.27627903,1895.863,148.10342,0.29043108
199,1907.6638,135.099,0.041366953,1912.4133,132.42592,0.024003446,1910.4008,174.34142,0.018639598,1894.2052,198.65274,0.02527156,1864.101,160.68463,0.16728376,1889.6927,149.14767,0.22915201
200,1906.7328,133.94392,0.024139337,1911.9817,103.96035,0.019202191,1828.2412,142.35977,0.03337207,1893.3472,193.15686,0.033346668,1872.4218,157.91458,0.26064384,1896.7213,146.21242,0.23171896
201,1906.9059,134.38199,0.020291058,1911.9491,104.020706,0.019613493,1826.4846,150.285,0.027212886,1892.6154,193.4736,0.027005618,1865.7072,161.31978,0.19918528,1896.4241,147.32117,0.19678815
202,1906.2195,133.52742,0.01771989,1667.1227,115.01544,0.020887936,1825.1362,150.54132,0.03384468,1892.7319,193.03326,0.033711508,1865.8447,160.66415,0.23213626,1905.3757,147.22127,0.15906794
203,1913.8269,113.03789,0.014315607,1912.0455,104.26308,0.020188574,1825.1364,151.39026,0.038609043,1911.299,167.56816,0.027781747,1865.2964,159.76608,0.2856342,1905.2993,146.95018,0.17735039
204,1850.3918,175.48792,0.012240152,1912.3843,103.83605,0.017403737,1825.3579,151.16354,0.027452666,1911.0017,167.9117,0.038776763,1865.6174,159.63483,0.35229674,1906.6902,145.5675,0.19408879
205,1669.6252,125.6221,0.016535237,1898.7279,119.074135,0.019807708,1824.4465,151.3722,0.02744074,1902.0178,164.58267,0.031014489,1861.482,159.44292,0.36799964,1905.7239,146.3708,0.17456408
206,1858.1188,127.5978,0.017657433,1854.2283,138.1489,0.02353474,1823.6304,151.38857,0.020693982,1902.4363,161.83861,0.02808611,1862.1942,160.37935,0.23939206,1906.8165,148.7775,0.12328953
207,1669.4915,124.47217,0.019479036,1911.8325,103.46344,0.020879598,1824.9084,152.18484,0.015005771,1850.645,186.23666,0.042674214,1857.3855,157.00406,0.33308494,1896.0548,146.80696,0.23409596
208,1668.7266,124.317566,0.017938443,1898.3678,126.34064,0.020770378,1897.1001,129.78178,0.01692111,1855.863,187.23413,0.056628827,1857.5979,157.54568,0.43982053,1895.8171,148.21732,0.2705791
209,1668.6062,124.16445,0.016772825,1852.2876,139.01093,0.023346258,1913.2151,119.12853,0.022047197,1854.8857,188.11456,0.05234677,1856.5282,157.68784,0.46435404,1895.3875,146.10385,0.30123135
210,1667.6327,123.657074,0.014946511,1911.1735,102.44755,0.022580242,1911.5906,118.11648,0.021294015,1903.2196,164.51016,0.0328149,1855.6106,155.64284,0.28265738,1897.0557,143.77243,0.24104537
211,1667.5499,123.47331,0.020075614,1907.2365,119.51358,0.026301293,1914.5903,120.73284,0.04631067,1903.7551,163.72395,0.028668704,1852.5686,156.5854,0.36561954,1894.5055,145.23859,0.24433672
212,1667.396,123.42008,0.019363247,1910.7158,104.95625,0.024937067,1913.3118,119.025696,0.056159284,1854.2325,188.17809,0.06780095,1852.5045,154.79434,0.51082,1892.7665,142.87639,0.4869408
213,1666.8335,123.060776,0.022715932,1661.658,131.36694,0.023212519,1913.2504,118.56699,0.054284383,1860.655,185.23172,0.03037689,1855.9856,155.31262,0.38055673,1893.217,143.13074,0.44811928
214,1665.8412,120.99249,0.021431198,1910.2151,104.00668,0.026108041,1913.902,118.41493,0.041263174,1885.2273,194.99074,0.058648974,1859.9458,156.52306,0.33411747,1895.9062,144.91316,0.5208273
215,1902.1322,138.5258,0.03067125,1906.0082,105.5102,0.019573627,1913.4006,117.82112,0.048993107,1860.0801,188.58948,0.049949218,1854.8259,155.13,0.40196392,1892.8926,142.80655,0.55129445
216,1665.7225,120.54391,0.023664227,1906.5186,125.012,0.021518964,1913.7051,117.34367,0.048714772,1887.3434,199.45961,0.099637784,1853.2605,155.35269,0.42218763,1892.9691,143.22302,0.6228882
217,1901.0654,139.43433,0.022534052,1851.2749,124.242226,0.034979373,1913.978,118.43863,0.06932917,1887.3597,196.84181,0.03512943,1849.8073,157.43683,0.3701713,1892.75,145.10526,0.50921017
218,1664.9062,119.51431,0.021206219,1851.2847,123.31666,0.0410057,1916.7294,118.608086,0.04415258,1885.9359,196.0479,0.049811676,1850.9941,156.4952,0.32769093,1892.2684,143.43095,0.5529139
219,1900.3481,139.43413,0.02795743,1850.4907,123.77319,0.023379436,1907.7926,117.505165,0.041091833,1860.1001,188.655,0.06337467,1849.008,154.15207,0.40657815,1892.8374,142.77405,0.59072715
220,1653.7396,129.73906,0.021260677,1652.1414,109.04375,0.019572463,1913.2212,121.37318,0.060754113,1861.2344,190.58571,0.052893657,1844.0824,154.26314,0.52440876,1888.5061,142.73712,0.5233768
221,1900.5726,139.40807,0.0313309,1899.7395,123.9964,0.025189796,1907.9482,118.82915,0.035152048,1885.3253,196.35725,0.045739315,1844.9056,153.7695,0.40337014,1892.9799,144.45996,0.426083
222,1901.0112,148.8453,0.021020936,1900.1487,123.93864,0.023627419,1908.5101,118.08399,0.04284857,1885.6067,198.87741,0.06287204,1843.568,153.45935,0.46755317,1891.9906,142.44875,0.4710892
223,1887.9952,148.83841,0.020451799,1849.6146,112.13602,0.025260651,1908.1755,117.83765,0.0309357,1856.0004,182.64258,0.05914133,1847.9949,149.21162,0.4526793,1894.2103,140.9208,0.45310178
224,1887.5857,148.64767,0.024565604,1848.9391,111.85642,0.027719492,1907.364,117.88343,0.03786406,1904.7166,166.87598,0.045696255,1849.0055,149.93011,0.38909927,1895.9247,142.27325,0.45212027
225,1817.003,156.5324,0.018429052,1896.6993,110.55092,0.020417783,1906.0242,114.999954,0.021756284,1886.093,195.52322,0.09541132,1850.0629,147.18079,0.6177067,1895.0502,136.15884,0.60054123
226,1817.9203,147.25034,0.017440481,1897.5331,116.13548,0.02691559,1814.9165,136.7009,0.02534554,1884.216,193.85518,0.116732955,1847.2902,145.37666,0.6080956,1894.7158,133.61884,0.59538054
227,1919.1816,95.1383,0.020900013,1790.3982,146.157,0.019640272,1810.2991,135.36859,0.0323013,1887.8224,192.7338,0.1520548,1847.869,146.39653,0.52396005,1895.5518,135.15576,0.5600661
228,1865.3779,139.61752,0.02480453,1912.7032,79.06902,0.02106731,1810.2122,135.76144,0.04117238,1886.4355,194.53903,0.14645804,1849.8871,147.65526,0.4678003,1899.1418,136.69545,0.5013255
229,1823.784,159.03755,0.020839142,1911.9407,87.167854,0.025880428,1809.7705,134.62686,0.035694227,1886.0884,194.78526,0.1145951,1850.4794,147.82057,0.46366552,1904.0569,134.77919,0.4956984
230,1658.1627,95.32745,0.01730724,1911.6731,86.727196,0.0254955,1808.7338,134.73798,0.025041722,1852.1501,184.14635,0.07387159,1844.8069,149.78804,0.4253767,1899.468,137.54466,0.47341913
231,1864.9076,139.9503,0.033938386,1909.9489,103.865974,0.029965345,1808.3792,134.71576,0.023097072,1844.4608,180.85135,0.13158783,1844.8711,148.41069,0.44444,1899.4388,138.7685,0.49282432
232,1864.8209,140.20215,0.047168728,1834.9706,124.2308,0.028072694,1905.1497,115.54095,0.02316153,1843.3494,181.6917,0.12331711,1843.403,147.12769,0.46533534,1899.2471,137.44641,0.49015585
233,6.6001315,193.65784,0.01972223,1835.8643,122.8803,0.03012828,1806.3623,134.00208,0.026162652,1851.4987,183.02603,0.08139359,1846.2898,145.37015,0.47695884,1899.1638,135.45804,0.49957374
234,1916.4598,148.65541,0.020617167,1910.3135,105.032524,0.026163258,1913.0077,115.5443,0.036468834,1849.3148,183.33467,0.084621355,1841.4048,145.81125,0.46128747,1895.7523,138.067,0.51548815
235,1916.2814,148.99063,0.021458523,1897.2134,112.192795,0.025710136,1911.9763,116.21771,0.043638147,1851.4565,184.9938,0.079647735,1842.0432,147.42986,0.47212997,1895.984,137.66394,0.53585744
236,1864.245,140.14783,0.031253964,1639.6866,82.70502,0.046164438,1910.7052,115.792175,0.029722352,1851.6709,183.5613,0.08512218,1844.9641,144.66824,0.5157451,1901.6997,136.94296,0.52314866
237,1864.3894,139.65862,0.048498113,1638.9535,82.6893,0.045125283,1825.9852,86.215645,0.03800779,1836.5278,183.05315,0.10456504,1845.9282,144.11137,0.57064486,1904.5472,136.68628,0.52484554
238,1864.1046,139.91113,0.06147665,1835.6102,109.11524,0.03706891,1826.3516,86.44636,0.059700433,1835.2919,182.22342,0.11916136,1850.4266,142.28502,0.63192177,1899.2129,133.09402,0.49470672
239,1637.3734,118.672356,0.06962908,1835.481,108.757675,0.038768403,1824.9828,81.04107,0.070728585,1830.0743,181.93365,0.1376152,1852.5736,143.26614,0.5302499,1906.9572,137.81245,0.51460695
240,1637.4176,118.18854,0.08189616,1895.7744,111.81467,0.042996578,1825.4233,84.98034,0.048587706,1884.3202,192.15535,0.15495807,1850.6565,143.19266,0.5275427,1901.3352,136.40353,0.52634406
241,1637.1373,117.88244,0.062337458,1896.1221,112.60428,0.038424205,1824.2523,77.286255,0.065180436,1852.2,182.77193,0.089006685,1850.2242,144.70813,0.5430083,1903.539,138.81464,0.49001804
242,1636.7429,117.45869,0.059247233,1834.32,108.35522,0.03178715,1795.4403,134.57974,0.049832784,1885.448,192.85237,0.09773135,1845.7178,144.39182,0.6272414,1900.1274,136.84756,0.5160522
243,1636.1996,117.059525,0.044814054,1895.1543,111.88193,0.033437658,1796.3275,129.39075,0.099632055,1829.7416,180.41353,0.1706326,1844.2527,141.5788,0.59018195,1899.7046,138.03221,0.4945577
244,1636.5983,117.08821,0.047335807,1895.8499,111.07515,0.03513809,1796.2745,129.24744,0.09430749,1830.3008,180.95346,0.1681764,1846.7578,141.35542,0.5199813,1897.9723,134.96521,0.461338
245,1865.151,138.52054,0.03377996,1895.4347,111.16985,0.03985678,1793.4591,134.0179,0.05572638,1863.186,189.91179,0.10981289,1850.4648,142.23741,0.5655265,1898.2242,136.2176,0.5025962
246,8.071373,193.77992,0.021127624,1895.2054,111.54968,0.043843947,1792.8046,134.63336,0.04332369,1883.4971,193.27972,0.124742046,1845.64,143.02864,0.55940574,1898.4158,135.72073,0.51162165
247,8.112681,194.08458,0.018889312,1895.6932,110.9391,0.046010513,1791.9075,135.80971,0.05056339,1828.8164,181.3642,0.12661247,1845.5763,141.03096,0.46279392,1897.8037,133.72829,0.4701549
248,8.309698,194.8606,0.021302365,1894.8494,111.0465,0.052835505,1792.799,136.03769,0.06289429,1829.751,182.3007,0.1785486,1847.2086,141.58803,0.4222537,1903.455,133.62755,0.53664243
249,1634.4373,81.90733,0.017254746,1895.1702,110.52619,0.04438678,1792.3749,130.21596,0.078456774,1841.3153,182.54614,0.1574708,1844.7198,142.30035,0.44340447,1896.2289,133.31499,0.49267957
250,1827.4277,154.56514,0.019744795,1894.3826,110.67803,0.047376964,1792.277,130.57712,0.10200921,1851.7435,186.01138,0.11144844,1854.2133,142.46002,0.5534959,1903.1582,132.86043,0.5314207
251,1861.4232,129.26422,0.02419708,1893.9966,110.39051,0.047715563,1792.6309,131.07683,0.10742,1865.6509,189.7577,0.0805618,1853.968,143.25111,0.5840319,1902.7734,133.4823,0.52184224
252,1861.9357,129.29037,0.023780985,1893.8544,110.633026,0.044573132,1790.9574,130.2979,0.09367169,1866.3296,191.16862,0.08976276,1855.7825,143.16585,0.48836556,1905.2299,134.40218,0.55595934
253,1894.8639,106.648895,0.020754235,1893.8024,110.892,0.04284147,1791.5667,130.89352,0.10934836,1828.4022,181.17267,0.10645522,1854.4584,141.72733,0.49915877,1905.0226,134.8456,0.5972278
254,1895.8036,97.92392,0.02367364,1894.2294,110.71818,0.033635117,1791.9889,131.27322,0.13948277,1829.2687,181.24129,0.13921842,1853.0725,142.00424,0.5686702,1905.8875,134.12523,0.53174925
255,1897.2477,98.02105,0.025439804,1909.5724,70.944725,0.054566786,1792.9216,131.68384,0.15093568,1829.3804,181.83093,0.13172662,1852.9438,141.4612,0.5506298,1905.9268,134.43066,0.57105386
256,1895.8859,97.46754,0.021215092,1893.6642,110.548645,0.040382143,1792.0096,130.314,0.10838343,1865.9713,189.03128,0.093974315,1852.992,143.97598,0.5369299,1904.7886,135.2276,0.5055808
257,1894.6787,106.47212,0.025788592,1893.784,109.85747,0.04597671,1790.6406,129.62424,0.05280736,1883.2504,192.55957,0.109306276,1853.3998,145.0227,0.4609798,1905.6241,134.4795,0.53996754
258,1895.5536,96.93683,0.023696098,1894.866,103.372894,0.034531385,1813.9407,76.25321,0.06720809,1816.1193,179.74376,0.06761962,1857.4066,145.10703,0.46141377,1906.0702,134.99086,0.5690326
259,1828.0004,153.337,0.020009572,1615.1051,84.78008,0.030146169,1815.1499,78.69881,0.13543093,1834.4707,180.42883,0.071094684,1854.8573,146.32622,0.32890958,1904.6857,137.07808,0.4123833
260,1895.914,105.03514,0.026990792,1894.8247,103.218445,0.031979613,1790.1515,130.62439,0.057108335,1867.9829,190.69495,0.07427814,1853.8802,145.32129,0.4426181,1903.9984,136.84784,0.44877738
261,1895.9067,104.730415,0.026751377,1896.9038,86.199326,0.026544482,1811.4282,86.69827,0.061391264,1865.5148,191.23369,0.08210631,1859.6011,146.33453,0.36379945,1905.8519,136.79303,0.46104562
262,1896.4645,105.28683,0.023870831,1897.1244,85.84572,0.029849738,1810.746,86.23308,0.051250197,1885.0947,195.4618,0.109770685,1854.5841,145.89503,0.4600692,1904.8816,136.19618,0.49906573
263,1896.868,95.675415,0.025729056,1897.956,85.07908,0.030947518,1812.4414,80.07357,0.15605961,1886.0087,195.88748,0.079518065,1859.4014,147.15428,0.44570482,1905.6771,136.76994,0.5055019
264,1896.8452,95.665565,0.022523709,1615.0404,85.03439,0.032849133,1810.4602,86.76833,0.04201902,1867.8252,191.44753,0.050171316,1857.1096,144.49907,0.41347623,1905.8031,136.10419,0.5133008
265,1896.999,96.05725,0.018291382,1614.634,85.09487,0.03814518,1810.1677,86.448074,0.060807936,1883.6583,195.67668,0.07997076,1853.6033,146.6584,0.3987243,1906.5769,137.45454,0.45037153
266,1896.6495,104.966,0.024180429,1623.3805,83.916794,0.03037319,1809.644,86.67622,0.047102008,1887.0933,196.44681,0.06975655,1853.6797,146.45381,0.43605563,1905.7465,137.39513,0.541559
267,21.81952,193.75443,0.017981593,1881.559,103.999756,0.027422715,1780.1685,135.93907,0.032500803,1867.2291,191.97464,0.07069519,1850.7761,145.6559,0.4545735,1903.8364,136.32385,0.53260505
268,1890.9795,96.01652,0.017728826,1881.492,104.980515,0.02627135,1780.355,135.57181,0.034853935,1886.2408,193.69348,0.07409004,1853.8131,146.16037,0.37723473,1904.659,135.68307,0.5376742
269,1782.8099,141.76106,0.024264263,1896.6755,86.16655,0.036981225,1779.8425,135.9169,0.030735247,1885.0385,193.44499,0.11104141,1856.5725,144.79182,0.33418986,1905.5193,135.56459,0.51940393
270,1915.4178,157.64702,0.020160146,1896.6628,85.75274,0.034108818,1780.4218,135.56815,0.028363384,1885.1744,193.96924,0.09566268,1855.3715,146.31937,0.3648369,1905.14,135.697,0.5680357
271,1890.1932,104.7095,0.021376563,1897.0797,85.730255,0.026648736,1779.836,135.22653,0.03460963,1866.6434,189.58426,0.061511006,1852.1316,146.09892,0.3585797,1903.7607,135.97293,0.53341335
272,1896.4163,96.09079,0.021571966,1896.9751,85.604065,0.033623934,1779.1683,135.54883,0.031104134,1868.8954,192.32019,0.0730724,1854.9861,146.09468,0.4180554,1901.3518,136.07034,0.5508599
273,1843.6804,140.57777,0.0186491,1881.8856,105.33115,0.02823605,1779.577,135.42189,0.03780182,1885.323,194.45232,0.07486698,1853.1041,146.83603,0.42763123,1903.8517,136.39732,0.5151216
274,1784.4513,141.92726,0.023898894,1881.5731,105.02558,0.032198545,1905.6876,71.14408,0.034369748,1885.8098,194.38704,0.07921377,1853.2909,147.13686,0.37463874,1905.5122,135.89352,0.49628988
275,1784.8813,143.08273,0.028062476,1880.5641,109.78306,0.031007588,1808.0977,84.55329,0.045672454,1865.9785,191.8371,0.069667436,1838.4037,143.97318,0.41445875,1902.7854,135.32167,0.48845038
276,1783.0911,141.24669,0.026191039,1898.1263,77.770546,0.039173763,1807.1799,75.67469,0.033448152,1885.6099,193.86232,0.098453656,1854.2606,144.9416,0.44808787,1904.9265,134.93956,0.58314735
277,1783.9026,141.31467,0.024215212,1623.2983,83.88307,0.03263891,1908.8353,112.88049,0.023505352,1884.5422,193.69415,0.116335005,1853.1951,145.37198,0.4395263,1901.1365,135.19734,0.5554624
278,1784.3701,143.61981,0.021797607,1895.7975,85.69028,0.0385048,1908.6173,112.976776,0.021515245,1886.4225,194.84938,0.06341508,1853.6951,145.15523,0.45253655,1902.8992,134.49628,0.58385634
279,1785.466,144.75194,0.018797008,1896.2257,85.470924,0.035697132,1909.3574,113.54949,0.027777513,1885.1858,194.56828,0.13989909,1847.9523,144.152,0.5019654,1899.3,133.79845,0.5810119
280,1889.1212,97.19718,0.023106026,1898.2717,77.27507,0.038428567,1778.2415,134.5235,0.02855873,1866.6055,187.59102,0.08540935,1857.1345,142.19522,0.46527016,1904.5457,133.78767,0.61323255
281,1785.8555,146.20328,0.020644234,1896.1775,84.854416,0.038140494,1905.103,70.274864,0.027915932,1863.2863,185.58961,0.0969726,1855.2795,141.6743,0.42045105,1903.8647,133.96155,0.54016423
282,1792.5082,150.71951,0.019380083,1879.7605,108.99347,0.035325628,1898.7527,108.67928,0.03390972,1822.0082,180.26111,0.1369614,1833.783,141.95638,0.38776764,1897.9255,133.00072,0.43143857
283,1786.2614,147.50572,0.025248276,1896.4209,85.43747,0.03415366,1907.9768,114.46055,0.027249422,1827.0569,182.3946,0.117847666,1840.4872,142.31519,0.44342133,1902.6938,133.33298,0.51405585
284,1610.3602,92.11074,0.023466071,1895.277,85.040184,0.042634837,1905.798,106.86378,0.026381653,1864.7407,187.11835,0.092088304,1841.7023,140.93552,0.48686036,1904.2996,133.1994,0.51088095
285,1786.5444,148.09668,0.019426282,1895.3806,85.31513,0.033799,1907.1292,112.800224,0.026634114,1864.8651,185.70454,0.093987115,1840.9619,140.61446,0.4566246,1905.5999,132.79446,0.51930076
286,1792.3187,151.10796,0.018621892,1896.1519,85.2631,0.032399703,1905.2919,107.73502,0.027711457,1861.7826,188.90952,0.07980678,1841.7493,142.07254,0.31354037,1904.4513,133.66367,0.4127402
287,1785.3262,148.24243,0.015798079,1880.348,109.00172,0.034288626,1778.3308,135.21114,0.02697048,1862.5006,188.7836,0.07993774,1841.209,142.90968,0.35048077,1904.7585,134.1347,0.451615
288,1791.754,149.9268,0.024514211,1880.2383,108.496155,0.031982284,1905.7142,107.442635,0.02766477,1864.9161,191.28094,0.094789304,1839.1151,142.51198,0.34869266,1904.2223,134.23827,0.43187705
289,1841.2979,98.25763,0.01928447,1895.4824,84.80908,0.034404453,1778.1007,134.79456,0.033147674,1858.6775,189.07349,0.14024182,1840.8053,140.2618,0.4522735,1905.0623,133.43279,0.50842637
290,1914.921,142.39146,0.017869176,1892.9226,77.2477,0.027618427,1778.2572,134.04846,0.030979069,1859.684,189.36931,0.1726705,1842.6224,142.25041,0.4424034,1903.4646,133.21782,0.47902462
291,18.766653,180.66557,0.01818929,1893.5695,77.093704,0.022526247,1778.0991,134.23538,0.03828411,1865.4537,191.03647,0.098308444,1840.4454,141.11922,0.45360282,1903.6755,133.2409,0.5123273
292,1792.2086,152.03374,0.0153637305,1880.9688,108.80511,0.024270467,1906.4517,108.09081,0.02522025,1849.5509,185.147,0.16579852,1837.0983,141.04318,0.43118635,1897.5775,134.38594,0.38985738
293,1621.7567,111.85607,0.019266667,1880.9573,108.75811,0.02442601,1905.6915,108.58674,0.027084613,1849.0782,185.0389,0.15210724,1836.6992,141.50426,0.38202742,1903.9293,135.04822,0.34161246
294,1866.1316,140.3136,0.016995527,1895.7798,85.31643,0.026267242,1777.517,131.00778,0.0466381,1858.3594,188.59827,0.18896882,1841.4822,142.71806,0.4180648,1905.0931,133.58022,0.48946568
295,1623.277,92.13616,0.02194464,1880.267,108.57513,0.027533572,1776.7184,135.76228,0.03181343,1823.785,180.4303,0.13977772,1839.4717,141.89217,0.4138964,1904.2139,134.3125,0.4381323
296,1829.2065,131.91257,0.017858429,1880.2659,108.6706,0.027597195,1908.2819,114.4696,0.027912505,1827.3347,182.67068,0.14704761,1840.0388,140.76721,0.47949952,1903.4309,133.5651,0.47584334
297,1865.7739,139.9734,0.018481152,1880.315,108.534035,0.026118435,1908.2592,115.012024,0.030305132,1881.5594,190.29042,0.15647691,1839.6711,140.93204,0.43878686,1903.2571,133.40422,0.4714252
298,1915.4708,142.44566,0.018271089,1880.7637,108.732254,0.02547292,1776.081,135.85855,0.03023353,1860.5317,186.1572,0.2954,1838.5402,138.74454,0.39056325,1903.7146,132.67169,0.436555
299,1915.5364,142.35287,0.018696511,1896.6696,71.40822,0.027229123,1908.233,114.155754,0.026756307,1851.3363,183.23615,0.16746244,1841.2386,140.48285,0.41254714,1904.7756,131.7835,0.4602345
300,1829.3318,131.88687,0.020005982,1897.0237,76.04843,0.025714556,1875.3944,101.45451,0.026494319,1850.5962,183.09984,0.11742204,1841.832,142.20016,0.4005843,1904.9949,132.93079,0.45099443
301,1865.9673,139.79825,0.021788837,1895.6991,71.186104,0.029009596,1874.3304,101.39247,0.030533053,1865.5939,185.71933,0.081618994,1841.6029,141.194,0.44891623,1904.0638,131.2801,0.5776074
302,1833.0568,97.698296,0.017604016,1893.0204,76.65624,0.02509762,1874.4828,101.26824,0.029859453,1863.4784,186.79552,0.096981294,1840.3297,140.8542,0.3831488,1904.6843,132.64346,0.4783668
303,1833.3217,97.96583,0.01806739,1892.3589,76.97181,0.03171,1874.8346,100.49818,0.03852017,1850.4166,184.19275,0.12715837,1840.7921,139.65488,0.40857777,1904.8031,132.59822,0.51158357
304,1886.8978,96.83982,0.026189767,1891.8623,76.88002,0.029734228,1874.3296,100.57304,0.048474602,1855.0623,185.97145,0.15332255,1841.0859,138.84811,0.5273681,1904.751,131.64656,0.55242914
305,1865.9242,140.08261,0.02082654,1866.7362,102.84153,0.029660314,1775.1139,134.52193,0.042738236,1856.3586,185.41838,0.093260765,1862.0488,143.0632,0.42890897,1906.2985,131.59167,0.55851436
306,1865.4026,140.43227,0.02498713,1608.6875,78.84105,0.023009613,1774.7925,132.56026,0.073167056,1850.849,184.69547,0.18086402,1838.1335,137.19106,0.42902264,1903.0647,130.33476,0.55947804
307,1834.3146,97.572075,0.019961989,1601.0051,84.910576,0.029952837,1774.1917,134.58932,0.047230054,1883.8547,195.28297,0.089483604,1841.7275,140.22873,0.508308,1905.3158,133.17636,0.56579447
308,1865.55,139.74806,0.023989942,1600.8214,84.959694,0.033841573,1774.4161,131.13367,0.059918243,1884.2357,193.71405,0.10697456,1869.2202,144.52785,0.44327107,1909.6781,129.37364,0.5556611
309,1866.0149,139.66328,0.018938811,1600.7589,84.85479,0.030356506,1774.1365,131.78061,0.07083755,1864.2429,185.92401,0.08935228,1840.0314,140.86333,0.46742356,1905.0035,130.87617,0.58085436
310,1866.1913,139.2408,0.03742093,1865.7207,103.00457,0.0307232,1772.6871,136.41573,0.041992266,1886.1631,195.32918,0.10009366,1838.2288,140.98846,0.5383108,1902.5524,131.57861,0.5733252
311,1865.413,139.85184,0.031231245,1600.4285,85.13296,0.030555064,1773.2985,132.7197,0.05732459,1885.7858,193.01465,0.12627812,1842.9044,140.18826,0.5270387,1903.5281,129.91776,0.63675267
312,1866.059,139.43015,0.03177886,1879.892,108.61297,0.037260998,1773.5482,131.99039,0.08552099,1851.9834,185.93782,0.09512532,1837.173,140.18793,0.5802928,1901.7316,131.6486,0.5656053
313,1866.5465,139.61368,0.024699459,1880.0084,108.772385,0.030880827,1773.0502,131.68117,0.09282469,1885.7031,194.63808,0.08643249,1838.8557,141.20006,0.4687462,1904.6538,132.27428,0.63137543
314,1865.5303,139.84389,0.021348568,1879.8687,108.98566,0.029871343,1774.1538,132.14514,0.19847535,1885.3756,194.04134,0.13105527,1858.9147,143.21458,0.4779112,1904.4175,131.04808,0.64492816
315,1812.1138,155.01482,0.021785105,1595.1758,85.2925,0.028262412,1774.4985,131.2303,0.19767645,1885.7214,195.35841,0.12386933,1860.2007,143.56917,0.55361146,1903.3322,129.2618,0.62034845
316,1865.1697,139.444,0.022390595,1598.6383,85.72123,0.032466754,1771.7484,134.16737,0.03360822,1884.0236,192.95216,0.25052527,1859.466,145.23198,0.5545846,1903.1464,129.17079,0.6244824
317,1865.4077,139.60944,0.02132741,1894.9169,109.38204,0.029753098,1763.1094,134.73715,0.031808153,1884.695,193.96097,0.1520171,1865.7571,144.56631,0.5529963,1904.9971,127.73772,0.5912196
318,1865.855,138.92331,0.024787692,1607.4213,83.77522,0.028460667,1768.4526,131.22853,0.07187321,1884.2646,196.9752,0.10219465,1863.7207,144.4347,0.46093708,1903.9329,128.93596,0.5532302
319,1915.7031,157.66806,0.01961976,1865.2224,105.296425,0.038831748,1763.9246,134.08992,0.037820145,1887.2172,196.50279,0.07642566,1859.2003,147.13614,0.48986804,1903.8953,130.79349,0.6033767
320,1865.9059,139.01599,0.021624003,1606.8032,83.94702,0.050731167,1767.7529,136.69891,0.048844013,1885.3771,196.13184,0.12414269,1861.6066,146.19215,0.51450443,1903.0205,129.4791,0.5998347
321,1915.88,157.84715,0.019702591,1607.0507,84.24735,0.02983216,1767.4935,136.28084,0.039704107,1884.4148,195.33154,0.09433113,1857.2626,147.42273,0.43660083,1898.254,132.51572,0.5840914
322,1915.982,158.08694,0.017334906,1606.9182,84.27587,0.036447093,1763.0767,133.65065,0.032629725,1886.6744,195.01987,0.15450186,1859.871,143.99219,0.53621465,1898.304,130.81465,0.64202994
323,1870.9597,184.4104,0.01767721,1895.7119,108.86043,0.02672219,1761.7096,133.51291,0.04437003,1886.3911,195.99802,0.08741683,1857.8452,144.173,0.4961894,1898.3582,129.84677,0.6063925
324,1915.5415,141.37524,0.017815147,1864.8331,109.4092,0.027238881,1762.8445,129.1474,0.056191638,1860.6036,192.46767,0.15156342,1857.6979,143.49126,0.50652647,1897.846,130.02,0.5891204
325,1873.7345,140.08875,0.026106386,1696.989,136.75351,0.0233573,1760.6583,132.39146,0.07198192,1854.2583,188.67285,0.101936266,1857.235,144.46165,0.5274987,1897.6077,130.07692,0.596635
326,1873.161,139.69269,0.03770359,1888.3383,110.01417,0.026221089,1761.3606,130.25064,0.10733223,1853.6112,182.48604,0.07721437,1856.6893,144.64226,0.50642025,1897.0231,130.4769,0.6319311
327,1876.0151,85.462326,0.02091315,1776.2323,122.44943,0.023021735,1759.6907,133.14565,0.16395213,1853.0981,187.14888,0.09030218,1858.118,143.43404,0.5889739,1897.3007,128.08539,0.6028899
328,1899.8112,157.18864,0.020371888,1895.4506,108.46356,0.027059669,1759.1467,132.62881,0.17018849,1886.6034,196.07918,0.10587549,1859.2024,143.6734,0.6395442,1898.2162,127.28151,0.5916828
329,1916.8224,157.76819,0.020617584,1895.2748,108.14124,0.022061504,1756.8295,132.16185,0.123452894,10.929223,158.38704,0.114807755,1858.5239,143.64645,0.5430104,1898.0087,127.51179,0.5412448
330,1778.8578,147.78923,0.020986669,1590.1582,84.78558,0.036172044,1755.659,132.32794,0.1405458,10.538769,162.15785,0.1676556,1856.727,143.73494,0.50669426,1896.7513,127.17675,0.5382689
331,1917.2705,157.99345,0.020786041,1776.3204,125.17927,0.071747325,1754.7534,133.28316,0.18367074,14.76169,158.40163,0.27092203,1853.7917,143.25749,0.5229958,1895.5824,123.68796,0.5268142
332,1916.7468,157.56891,0.021383831,1774.0942,125.3327,0.057492968,1754.2592,133.60608,0.15488446,18.224613,158.33759,0.30904886,1855.3585,142.9635,0.516383,1894.9224,125.00015,0.49400836
333,1779.3192,148.94273,0.022112912,1773.347,124.86621,0.06789852,1751.1049,132.74695,0.13539259,13.673277,162.30821,0.23125936,1852.5573,142.24423,0.5758699,1894.3788,124.168106,0.49892923
334,19.85852,164.99034,0.027194817,16.277016,169.95372,0.070748135,1749.3418,129.41254,0.104044236,19.17699,158.63,0.20275895,1853.02,141.05324,0.62108386,1894.7794,122.20441,0.49127445
335,1917.4221,132.996,0.022333076,17.465046,170.11499,0.08358343,1748.7737,127.55972,0.08408314,18.797123,157.44731,0.120064154,1854.1794,140.70807,0.6036439,1894.9811,122.06853,0.49093398
336,21.96832,166.266,0.022469865,18.24945,170.11073,0.095050275,1746.3988,130.40648,0.13139866,21.663754,157.5824,0.10469214,1854.7554,141.12347,0.6614293,1898.7834,118.987915,0.442691
337,34.579277,128.67778,0.021740615,16.762848,173.84161,0.029971836,19.75207,169.64754,0.13755226,1852.5638,192.18008,0.07699104,1854.9148,141.49861,0.630299,1895.3057,122.388664,0.4463852
338,36.329918,128.35236,0.04550253,1884.497,76.04266,0.03731871,23.102945,171.55956,0.32608625,1886.5762,212.45485,0.057681397,1851.5529,144.664,0.60590315,1896.9417,117.35296,0.40863878
339,46.58999,162.43092,0.062442034,13.987432,187.87038,0.07195688,23.58985,172.98122,0.48513922,43.25301,125.697624,0.122290306,1848.7585,145.19876,0.58109015,1894.9711,122.36112,0.3904421
340,1865.02,139.62398,0.01936272,1760.2712,125.15773,0.05543092,1738.169,133.36757,0.18032889,1886.5912,212.5342,0.080439575,1848.487,146.02022,0.5579391,1894.649,122.411285,0.37423024
341,1871.0808,86.80517,0.019334175,1760.28,124.7549,0.07998601,1737.1143,132.73717,0.22218232,1869.6656,196.25433,0.06367818,1849.1565,145.36194,0.6194524,1894.5742,120.99563,0.38132152
342,7.69063,185.98476,0.11680829,9.410752,179.80185,0.08978594,1735.1909,132.26164,0.19028874,1853.972,188.18271,0.078584045,1844.0361,142.74948,0.6095997,1895.4722,115.32761,0.4040536
343,10.32991,187.89487,0.16276655,1757.0957,123.96886,0.108465195,1733.2408,130.93454,0.20670004,1852.6707,188.62003,0.08066885,1842.0087,142.48541,0.64118,1895.5629,115.78674,0.43509656
344,9.846252,188.48985,0.069788486,1755.1293,123.02028,0.044813965,1730.3171,132.90211,0.11953451,1851.5348,192.56796,0.08014645,1839.7723,142.32602,0.68476796,1893.7606,114.70415,0.46900097
345,10.340967,188.2556,0.07432662,1868.926,77.543106,0.037126508,1729.2596,133.78311,0.09893447,1853.9767,188.5598,0.071649306,1835.7327,145.42665,0.66371953,1894.1146,116.13134,0.48007062
346,12.087349,187.6738,0.116264276,46.864056,172.45506,0.043225277,1727.0316,133.29503,0.06047719,51.64966,155.32124,0.10353649,1831.1407,145.90958,0.63736635,1892.9303,116.74568,0.48741162
347,12.716469,186.75594,0.05421572,1868.8948,72.861206,0.029536206,1728.2174,132.12827,0.10704922,1851.9303,165.37265,0.06714904,1829.2163,145.0524,0.6378231,1891.723,114.84498,0.49664083
348,13.01627,190.04378,0.06015974,1869.2245,73.5379,0.03390958,1724.7948,134.09636,0.028615901,1837.3297,187.09526,0.08217299,1827.6791,145.74776,0.61708933,1892.0161,114.51575,0.46382436
349,12.48617,188.13791,0.08393369,7.248154,184.11818,0.047765203,1824.8229,71.89091,0.0488976,1836.3755,187.80641,0.11344926,1826.1204,144.2446,0.6588088,1890.6941,116.00375,0.5140885
350,12.833116,187.6799,0.111087546,7.093755,184.29903,0.05894284,1824.5092,70.039116,0.06269263,1836.9993,183.75594,0.105891086,1824.5111,142.2892,0.68321925,1890.7311,114.11893,0.50966156
351,1839.8519,139.78093,0.06021919,6.233775,185.02007,0.04252212,1822.7256,69.74777,0.073995434,1843.6581,187.79837,0.11295773,1822.3308,141.77599,0.7344478,1888.9774,113.92458,0.5204109
352,15.546029,193.7649,0.059320927,1852.4512,77.46602,0.042288233,1713.4257,134.94241,0.028359206,1844.3129,188.3864,0.10446035,1824.8492,139.18916,0.765966,1889.1871,113.87984,0.54429567
353,16.095413,192.6799,0.06825916,1740.9764,121.315285,0.03588356,1713.0953,134.36073,0.030606398,1914.2479,202.10855,0.11754683,1821.5035,141.70944,0.7938729,1883.2195,114.6759,0.5108991
354,15.745435,193.9583,0.061067253,1852.355,77.58025,0.03870919,1817.4122,71.6864,0.03147169,1844.9685,188.82387,0.10933828,1822.0374,143.25821,0.7524062,1889.5914,114.37677,0.5102806
355,10.515635,189.24644,0.064018205,1851.9236,77.18443,0.043281212,31.340288,170.52007,0.048178066,1820.5044,188.40955,0.09482834,1818.2264,142.43742,0.71599233,1873.9309,115.21498,0.50875044
356,10.894174,188.96928,0.09554517,1853.5533,76.21401,0.041371226,29.271112,171.85364,0.02134942,1818.4651,187.66216,0.12487322,1812.7953,143.56927,0.6559523,1874.4912,115.79896,0.54140055
357,11.241285,188.77756,0.10963128,6.2851415,184.26727,0.032349046,1813.194,71.59351,0.020021765,1819.1672,186.64279,0.10930298,1811.963,143.3514,0.64476556,1874.0068,114.617775,0.50431466
358,11.7233,188.46104,0.14165057,1851.5105,77.34444,0.026512427,28.916636,172.04375,0.026375737,1826.6068,187.2256,0.11837511,1812.913,140.87473,0.7031564,1879.4358,115.94693,0.49909508
359,15.263024,192.64307,0.061099607,1725.8939,122.48907,0.028763771,1873.7316,68.64219,0.016862623,1842.8861,187.78558,0.11831845,1812.9294,141.92815,0.6840634,1875.156,115.13388,0.44981113
360,12.4807,183.21051,0.16152164,1725.9722,122.19235,0.03030331,1916.6017,94.75486,0.020398298,1843.3904,188.5498,0.11453885,1810.4901,142.42743,0.6747305,1872.7645,115.923515,0.49659654
361,12.984295,183.2897,0.18837148,11.562699,191.0554,0.04842709,17.633205,185.45279,0.018406207,1827.4667,187.42207,0.092338584,1809.656,142.24294,0.6825028,1872.9087,116.59914,0.48583394
362,12.220409,189.5411,0.07752836,1836.6241,76.97358,0.026505029,1701.1282,133.5537,0.021788929,1798.7601,186.50487,0.11378806,1807.4316,140.91602,0.73256403,1873.9906,115.362335,0.5013988
363,11.8866005,188.85207,0.08840908,1865.992,76.314804,0.031612694,1699.5654,134.24225,0.019871285,1842.7566,187.90732,0.10433692,1807.6532,141.21362,0.75017786,1870.7836,116.43047,0.50014675
364,15.174489,193.39253,0.084568046,1863.397,73.71599,0.03362614,1698.0259,133.9334,0.018241076,1827.5507,188.04639,0.14002946,1806.8186,140.38306,0.8533416,1864.8499,117.099144,0.6063296
365,10.123429,186.79918,0.08216317,1724.7678,122.19791,0.032113407,1697.5663,134.18068,0.025226254,1827.9554,187.64917,0.14167264,1807.9419,140.18883,0.857907,1871.3247,116.90865,0.5186639
366,12.564385,185.91316,0.087064885,1724.8059,122.395905,0.033276573,1696.9617,134.92207,0.03324238,1826.2007,187.62286,0.12719332,1802.4489,143.60063,0.7578712,1864.8331,116.80451,0.5035503
367,12.221267,185.29036,0.15024516,3.663694,185.76996,0.042463936,1696.2548,134.50024,0.024874685,1827.9873,188.9802,0.13571428,1802.7751,143.91522,0.6818714,1870.921,118.92649,0.4962692
368,12.016119,186.03627,0.049211755,1836.8663,77.40699,0.03178599,1695.0652,133.92627,0.02012041,1826.5951,188.34373,0.12796408,1802.8076,144.58022,0.6862875,1864.6556,119.10048,0.41871625
369,12.022034,185.79352,0.0488872,1836.732,76.67865,0.03208105,1695.0231,133.7701,0.024061551,1827.2958,188.4482,0.13047759,1799.345,145.91548,0.6506203,1869.3031,120.37707,0.44687214
370,12.503136,185.73366,0.048484202,1764.0458,108.66598,0.029166155,1918.4132,108.16115,0.03252335,1826.9471,187.19978,0.14852916,1797.8616,144.73454,0.6547844,1863.4846,120.39438,0.4442356
371,15.047229,192.0183,0.04098623,1834.4822,83.98114,0.02869464,1918.8634,108.92134,0.036099914,1796.2207,186.45816,0.12685512,1797.513,144.6479,0.58971715,1871.0922,119.48472,0.45096377
372,14.926276,191.99768,0.0626578,1834.5833,83.56637,0.0264402,1918.6548,109.17949,0.03162315,1827.0431,188.03214,0.10694216,1792.1423,145.65788,0.683245,1850.4785,118.07894,0.39248708
373,12.845499,185.68271,0.069637105,1866.5686,89.7984,0.027945954,1917.8816,109.045525,0.036373537,1841.6252,188.64272,0.12573741,1790.8955,144.26486,0.6545473,1851.1609,116.48056,0.42779404
374,14.202702,185.80663,0.27607116,3.6494255,184.5858,0.04818175,1917.7462,108.8259,0.048010867,1827.5846,187.75566,0.12664557,1791.1105,142.75998,0.7184915,1850.437,117.545586,0.49221712
375,12.432223,185.7426,0.15489492,1866.3296,90.04306,0.040160388,1918.4182,109.32666,0.038605116,1841.9836,188.52386,0.12816302,1791.049,141.78212,0.71503246,1861.0475,117.61488,0.42988887
376,11.8883295,185.64586,0.12798288,1866.526,89.68266,0.042924758,1918.8644,109.16247,0.028637132,1842.1559,188.2491,0.13071321,1787.3032,143.55411,0.7033295,1843.4829,117.989685,0.4396372
377,11.871734,185.83888,0.07678509,1865.6593,89.91525,0.035689354,65.587425,154.88072,0.050576966,1826.6149,187.86972,0.12706871,1787.3735,142.2263,0.7486142,1843.1233,118.26828,0.46573725
378,12.935805,188.13493,0.062398992,1866.177,90.0351,0.04486548,1918.2505,109.39939,0.0249944,1827.0673,188.34186,0.12423,1788.5851,141.76147,0.7826029,1850.6974,116.76542,0.44734737
379,12.003928,185.76509,0.11375943,1866.7125,90.346344,0.05150433,1918.2051,109.56111,0.027700657,1825.42,188.18088,0.11982651,1787.4681,140.9903,0.7747515,1850.2604,116.60043,0.47570843
380,12.010831,186.02675,0.15231434,1866.1959,90.75825,0.040055733,1917.3474,109.0886,0.03986256,1812.1974,188.07372,0.12064931,1788.3776,141.5574,0.7525101,1861.2316,117.31582,0.46355218
381,12.241129,185.93156,0.17144333,1865.5505,90.91293,0.031214874,1918.9803,110.82094,0.04605682,1811.354,188.04309,0.121097684,1789.1367,141.36017,0.76082665,1861.4984,119.11119,0.46786013
382,13.626962,186.22258,0.17354241,1865.6252,90.40639,0.044368844,1916.7605,103.08282,0.038399555,1826.1472,187.06172,0.1261936,1788.915,142.19218,0.7370278,1863.2183,119.927925,0.439305
383,12.761016,186.38994,0.10160815,1865.4309,90.49474,0.03407198,1917.8868,108.83427,0.03827905,1811.1422,188.56754,0.16800371,1788.2946,141.22209,0.7445201,1862.5485,119.62666,0.4048159
384,12.582036,185.99078,0.09298573,1865.0964,90.5259,0.037233513,1917.4573,109.920784,0.046295155,1824.9646,186.7575,0.13611726,1787.1545,141.66812,0.7007687,1862.0471,118.59055,0.43782666
385,12.939577,186.56741,0.20116414,11.628266,191.20158,0.04320889,15.781591,178.30382,0.038289614,1812.0756,188.13504,0.14196484,1787.5487,141.91495,0.73437625,1850.153,117.063934,0.44855636
386,13.026459,185.8018,0.16148208,11.65859,191.26048,0.04075963,1918.7125,110.04208,0.034183856,1824.75,187.82239,0.14091647,1786.1863,142.42387,0.7441314,1844.2771,116.42851,0.44127414
387,12.89445,186.04228,0.2118066,1865.3146,90.85118,0.038781945,61.973915,145.31105,0.048815697,1818.9985,187.70363,0.14378321,1788.1312,141.23412,0.7406382,1844.4907,116.11625,0.48965678
388,12.678629,186.15887,0.22995189,88.491554,163.85564,0.04993331,63.318798,144.28728,0.0647797,1811.7899,186.89157,0.1571041,1787.8528,142.01865,0.72363365,1887.5195,131.23145,0.4056825
389,12.580241,185.83405,0.12496349,74.030426,161.09875,0.05190843,61.343212,154.62195,0.033894334,1818.8834,187.06807,0.13219346,1786.2113,141.914,0.6845998,1868.4097,124.13707,0.4220002
390,13.216071,186.0663,0.21806212,75.14976,162.28983,0.04670335,1918.4606,109.31457,0.04308714,1810.809,186.83829,0.13961853,1786.9974,140.42764,0.73536557,1850.8025,116.388145,0.4221169
391,12.459347,186.18561,0.217539,87.59559,165.06917,0.056541048,1917.7582,109.411255,0.042263333,1825.7661,186.8782,0.15138142,1788.8564,141.40251,0.71398515,1867.7657,123.97409,0.40483212
392,12.541306,186.0651,0.15390375,87.87691,165.36302,0.0563236,1918.2853,110.66273,0.058212675,1825.8292,187.12837,0.15578656,1786.3103,140.80693,0.71482533,1867.3505,125.01913,0.4938512
393,12.568485,186.48538,0.19852062,87.92424,166.7228,0.060360834,66.47659,142.41829,0.049853772,1826.2289,187.72678,0.15704174,1787.2404,139.64938,0.6721147,1860.8938,117.790474,0.44320124
394,12.843805,186.31203,0.1286746,1865.3011,90.39737,0.045927845,1917.6053,110.15398,0.041925047,1819.4164,187.58022,0.14520235,1787.4331,141.03864,0.6924563,1850.4429,118.001,0.43176797
395,12.962135,185.96507,0.18379506,1865.65,90.49006,0.036733735,1918.6052,110.852684,0.059946038,1826.2614,187.39442,0.15131922,1788.554,142.25464,0.6804784,1851.4337,116.47753,0.3824844
396,13.109023,186.2504,0.19957417,1865.328,91.00937,0.032138694,1917.1222,109.45244,0.050206598,1825.9575,187.169,0.12887575,1788.621,139.17564,0.67304105,1850.5997,113.31967,0.42411104
397,12.86186,186.17186,0.15013015,1865.3535,90.6286,0.033101417,1918.1259,108.89802,0.034187935,1826.0063,188.20164,0.14360847,1787.3798,140.21303,0.6670541,1886.154,129.55923,0.39878947
398,13.162106,186.63799,0.078512125,91.09625,179.16046,0.04108233,1918.2877,109.56274,0.033259675,1826.4012,188.3263,0.13613264,1787.6825,138.83752,0.6749967,1849.8153,115.653175,0.41408977
399,13.176158,186.92516,0.072632,89.52599,180.72305,0.038031705,1917.869,110.10178,0.032163877,1825.0394,187.18114,0.17330419,1787.9774,137.84415,0.7298565,1862.3116,117.92521,0.41374764
400,13.137797,188.07549,0.10391248,1744.24,111.22122,0.022887867,1917.4104,109.434456,0.047477257,1825.7445,187.66914,0.14528744,1788.2975,138.88094,0.7075401,1863.075,118.00543,0.38916427
401,13.200834,187.70512,0.0608728,1818.307,85.36651,0.025026452,1916.8898,109.58508,0.037278496,1819.7433,187.42001,0.13077459,1789.1508,137.74272,0.6673144,1854.6489,113.062675,0.5100885
402,15.642863,191.04207,0.056980338,1865.6045,91.073235,0.031397227,1916.7683,110.04981,0.05076158,1826.1888,187.6551,0.13178451,1787.7839,139.03903,0.5870804,1862.5902,118.43616,0.39631394
403,15.45491,191.05367,0.08110773,1898.9236,121.18038,0.025328927,1917.8716,109.1813,0.03680978,1826.1968,187.82907,0.16194744,1787.7102,136.97604,0.6465199,1861.2452,116.86607,0.46997824
404,13.065458,186.35887,0.10089139,1865.5194,90.672104,0.02775203,1677.0103,132.42049,0.029704755,1818.0897,186.5328,0.14644285,1787.0428,136.68184,0.650547,1862.7133,117.661964,0.4227758
405,15.7007265,191.15271,0.071086496,18.292545,34.027107,0.03587827,1918.8315,110.723274,0.056115538,1811.738,186.37216,0.14810026,1787.4287,136.24323,0.7108169,1850.3567,113.47664,0.4641928
406,13.222399,188.55702,0.08339636,1843.6327,125.82735,0.020115655,1917.8307,109.96774,0.03355211,1803.546,186.33105,0.14209116,1786.1561,137.485,0.6856236,1850.2686,113.375565,0.50174856
407,15.899525,190.7718,0.07612025,87.93587,192.77487,0.021957021,1917.3618,109.80873,0.03201482,1826.8528,186.7835,0.15570451,1789.1984,137.6146,0.59316933,1860.237,113.5133,0.4364691
408,15.72849,191.43253,0.054397546,87.682,192.469,0.029524157,1918.7871,111.67067,0.042581994,1826.5763,186.74248,0.1416261,1787.3004,137.29259,0.5934846,1854.0874,112.526085,0.47997308
409,13.43351,186.7029,0.0923039,87.69028,192.55182,0.02704621,1918.284,110.95633,0.04681259,1825.9332,186.55222,0.14617765,1788.0223,138.00252,0.55821455,1861.5997,118.516495,0.4525794
410,15.958523,191.4749,0.07655016,86.439926,181.2028,0.027568044,7.658777,171.02454,0.13366666,1825.8239,187.35042,0.15077688,1786.9164,137.90051,0.55899537,1854.8417,113.850136,0.4646712
411,16.33397,194.14328,0.091825835,9.216797,185.99916,0.08586619,13.527649,170.61353,0.472108,1819.7208,186.77678,0.14395194,1787.5814,138.7763,0.5092226,1850.5541,111.71187,0.46315375
412,100.710075,188.15085,0.08871664,76.68512,185.32095,0.15488754,14.969587,170.48627,0.7238896,1804.8099,165.56232,0.123698376,1788.1675,137.42676,0.5844255,1850.3451,113.56134,0.43249673
413,100.486855,187.77188,0.12110426,77.03426,185.85464,0.12684298,17.252338,171.22496,0.38907677,1826.0652,186.83252,0.13984345,1789.1815,137.42961,0.53872603,1854.1226,108.81307,0.47609255
414,21.376709,174.95332,0.062352214,86.85405,181.57059,0.030189373,15.799254,162.14891,0.047284193,1819.8038,186.9461,0.13009703,1788.9698,138.60751,0.65667593,1853.5785,108.60397,0.50123984
415,27.252289,175.45116,0.20642501,10.731851,156.39842,0.07801078,1917.2406,109.24292,0.0387429,1825.8392,186.74684,0.1432493,1788.2412,138.40533,0.61200184,1854.1227,112.21746,0.49628994
416,34.705227,177.28287,0.1547879,19.1545,156.20906,0.119017914,21.067917,159.83244,0.04104942,1826.4152,186.77382,0.13748322,1787.912,137.75842,0.5896121,1855.2184,112.872406,0.44924477
417,38.509853,176.5437,0.16986866,15.338302,153.91791,0.25956705,1917.5055,109.10285,0.030218558,1826.3809,186.84372,0.14344974,1786.7401,138.29161,0.56206304,1850.547,114.55866,0.4270697
418,44.4113,177.37875,0.1386368,15.242323,156.31201,0.17047103,1917.7676,109.238075,0.033954926,1819.519,187.15144,0.1274955,1786.6747,138.71175,0.56154555,1850.1344,114.97986,0.41634774
419,44.956688,177.79573,0.13649452,13.458817,156.42581,0.1738708,1917.5205,109.54431,0.04165876,1813.1838,187.15666,0.16446505,1787.7418,137.46758,0.5775678,1854.9215,114.04665,0.431372
420,52.648754,179.43907,0.051545694,22.376007,157.66264,0.14436264,1919.2717,111.67641,0.04214778,1825.6893,186.2119,0.14263828,1788.4288,137.47394,0.5800653,1855.3114,113.76603,0.49454793
421,100.883354,189.18512,0.041378967,86.05643,182.48431,0.025340868,1917.9252,109.290474,0.03571038,1826.2467,186.76237,0.110723406,1787.0261,137.55167,0.55382854,1855.5295,112.58814,0.51750726
422,102.65276,189.86559,0.13458139,40.55853,40.423378,0.04319278,71.45628,183.76535,0.047947295,1819.3558,186.10149,0.120626375,1789.2183,137.73596,0.52718353,1860.1184,112.16183,0.5649839
423,104.01063,189.05894,0.14620985,11.294027,161.23892,0.03685565,72.10203,184.39973,0.05971604,1817.9089,185.87646,0.14453834,1787.1233,138.78375,0.55503625,1852.0988,113.60144,0.4403825
424,104.01574,189.00722,0.10481449,12.140333,161.16821,0.039310824,109.40251,179.56718,0.035483036,1826.1091,185.47461,0.122492746,1787.3091,138.62062,0.55355144,1862.64,117.16038,0.45415604
425,104.70212,185.48387,0.07605664,70.74599,176.44864,0.026544232,109.41875,180.00076,0.048199527,1826.0055,186.1384,0.13227049,1787.513,138.0295,0.5249123,1861.9106,113.84774,0.4687042
426,104.708786,184.86685,0.051023558,70.35319,176.20255,0.041668992,1917.5095,109.745255,0.03786868,1825.3004,186.42859,0.14273879,1789.2115,137.72836,0.53695816,1859.7084,112.46111,0.47562703
427,103.499626,185.22531,0.06674077,70.484085,176.5089,0.06415204,7.313611,161.99785,0.04137631,1819.1244,186.28322,0.150129,1788.7382,137.19598,0.5543587,1856.2906,112.7134,0.47750583
428,97.17462,187.80249,0.0648054,70.022606,174.37492,0.097738616,5.9030294,162.70012,0.057742596,1818.6991,186.5624,0.15114343,1788.9185,136.72725,0.569499,1860.231,113.10155,0.45215663
429,97.56297,187.38795,0.15660982,80.12552,176.44939,0.083834864,77.26507,141.45596,0.044916127,1818.7614,185.77864,0.12376359,1786.5636,137.927,0.50460577,1850.2317,113.04498,0.44920146
430,98.475464,186.14583,0.27306253,71.50041,174.89966,0.163501,76.90926,140.81105,0.06661848,1826.392,186.86398,0.14014633,1787.753,138.31989,0.50224847,1860.9926,113.14461,0.5055452
431,98.30022,186.93109,0.26868793,71.73985,176.82835,0.1284384,4.406739,159.48886,0.05611693,1825.0627,185.85468,0.14970367,1787.2186,137.76964,0.50290436,1861.1038,113.254166,0.50899273
432,99.29316,186.80971,0.14842859,80.836266,174.04189,0.06325095,113.961945,155.06853,0.0410982,4.04373,142.61304,0.13431075,1787.2234,138.54256,0.5361162,1855.2101,112.57473,0.48051754
433,4.0036745,171.52463,0.046698187,71.958824,176.784,0.046501964,116.00075,154.4157,0.059450958,1818.794,185.33626,0.13412282,1787.503,136.83868,0.5536868,1862.4015,115.89026,0.46946007
434,101.99321,188.29703,0.055444244,74.25281,176.6041,0.048095807,115.5965,155.38638,0.061152495,1819.3823,185.74574,0.14474894,1787.9858,138.36179,0.559191,1861.704,114.09367,0.48194945
435,102.37178,188.26921,0.10762256,88.838264,176.6823,0.06601496,115.69105,154.45107,0.072243705,1825.9573,185.51788,0.12732102,1786.6636,137.44511,0.5322789,1861.6655,112.77438,0.5038067
436,102.05197,187.9619,0.06361171,83.98027,173.63005,0.071635365,115.96683,154.56781,0.07909638,1826.2229,185.77557,0.11898843,1788.1823,137.47987,0.5034821,1860.7714,112.36186,0.47516236
437,101.65282,188.57922,0.07788085,85.7649,172.92831,0.07536955,130.94553,146.88168,0.15738557,1825.6237,185.69196,0.12926635,1786.8489,138.08371,0.49783677,1862.9047,113.42878,0.5103562
438,100.93207,187.94557,0.09752927,85.9274,165.18703,0.08287684,131.88515,145.16946,0.18569303,1841.9298,186.30794,0.12453608,1781.9088,139.91367,0.5236195,1868.8564,116.789,0.5213973
439,101.47501,188.4082,0.083936825,86.4334,165.10179,0.07500338,130.85713,142.75665,0.11348527,1826.3359,186.1567,0.123429306,1779.2747,140.69234,0.5260814,1862.5048,113.46618,0.50363266
440,101.33544,186.89877,0.05892162,87.31125,164.96312,0.05312955,133.2378,142.35793,0.158181,1842.9587,186.73225,0.104103,1776.3365,140.04112,0.5675867,1855.3541,110.66224,0.521127
441,102.568695,183.60434,0.09404739,100.20501,165.79266,0.05519405,106.3544,159.6409,0.052952632,20.889748,122.07786,0.15900132,1784.7094,135.3145,0.55588,1861.3315,107.05548,0.5832583
442,100.331276,177.91751,0.08673735,86.229706,164.83438,0.0733213,105.36931,161.49039,0.053033467,1826.7086,185.90646,0.12128735,1786.1356,136.66599,0.57119775,1860.9515,111.19734,0.54351276
443,101.23975,176.9104,0.09443738,100.63534,164.50859,0.06516626,105.20539,162.30244,0.04105212,1819.0017,184.21796,0.110070616,1787.0416,136.12212,0.5577178,1862.659,111.530464,0.5843365
444,101.927895,176.77135,0.109850146,99.8477,166.51645,0.063760586,104.77893,163.03618,0.03178859,1811.2217,184.38712,0.12654956,1785.8759,134.04291,0.6645651,1868.6982,111.940414,0.5689326
445,101.87462,176.20012,0.21567897,98.824234,166.22588,0.12645426,43.83574,157.4653,0.2884267,1819.1832,183.64757,0.111344665,1786.2345,135.23409,0.5946124,1868.0372,111.749405,0.5804409
446,103.35025,175.63199,0.15028268,100.4501,165.59001,0.08439225,106.65789,163.85666,0.03516114,1804.0436,182.58096,0.0879473,1785.1516,134.29604,0.55541366,1852.5631,110.60532,0.504061
447,105.51631,175.47522,0.091506064,101.17641,167.12395,0.047798093,108.34519,164.17365,0.030817477,1810.5956,173.64201,0.10410742,1787.5841,133.88931,0.5849759,1861.5809,111.33726,0.5353539
448,104.80503,181.11427,0.056991387,88.44609,174.27037,0.031148538,1679.6964,118.43527,0.022698719,1810.9807,173.45702,0.10545384,1787.6124,132.51297,0.58433217,1860.6615,110.64861,0.5583165
449,109.16922,178.32706,0.04372226,89.0331,171.56778,0.026642328,106.67099,164.24341,0.02284389,1773.4355,181.64265,0.10014623,1788.5889,134.64615,0.5594536,1867.062,111.65445,0.5272824
450,109.002045,174.47072,0.05754821,1694.3307,111.62407,0.02886929,1748.0652,169.89395,0.020495456,1803.0471,182.49493,0.08919949,1788.0625,135.7578,0.51156014,1866.9965,111.83032,0.5002305
451,108.88553,175.23288,0.07921518,1833.8702,116.80115,0.02316575,106.41806,165.66135,0.025243795,1795.1775,181.96649,0.120322056,1782.0577,134.64702,0.56925106,1867.9615,112.30898,0.5375557
452,109.58461,177.00778,0.076011434,91.01417,176.83109,0.033003576,80.11325,175.2473,0.0346261,1810.415,174.23117,0.09715105,1785.7869,132.42888,0.57888275,1866.4199,110.41685,0.5825502
453,102.7515,181.49284,0.1039352,1693.5928,110.94479,0.034337413,106.192924,171.27312,0.048071206,138.28827,122.28807,0.107669294,1787.7048,134.32803,0.48967704,1866.9733,110.27576,0.53720546
454,102.88881,183.47997,0.17442419,77.06889,182.32893,0.045932174,76.251526,174.58455,0.049640752,140.687,123.60848,0.12125895,1787.1111,134.90147,0.49902835,1867.2163,110.4509,0.5740984
455,101.569786,184.2445,0.11355159,98.061516,178.90091,0.03041955,100.71062,162.95833,0.061018154,1772.4551,179.89073,0.118446395,1803.537,124.11079,0.5361366,1868.3971,109.91024,0.5924407
456,101.230965,187.37271,0.21555017,77.244804,183.62277,0.06291886,98.994644,159.80734,0.055997178,1773.0873,180.4421,0.14353196,1801.9038,123.59471,0.48226312,1867.3091,110.11674,0.5679401
457,101.87167,188.23898,0.29613355,77.38057,184.32358,0.10240797,74.07704,179.6398,0.047268048,142.36086,119.47662,0.103942566,1780.9749,135.35521,0.49003872,1869.0656,110.25692,0.56712973
458,101.80782,187.85434,0.32759643,78.39171,184.12201,0.13386735,73.96631,179.53247,0.056886565,1745.7214,178.5318,0.1196488,1803.4635,123.666595,0.49508092,1867.6516,109.262764,0.60307467
459,102.05016,188.25742,0.41724882,81.15956,184.54459,0.20491245,74.11839,181.02242,0.114831224,1756.8611,180.04196,0.10685705,1803.8524,123.93717,0.5348644,1867.6704,110.87373,0.5119639
460,101.99926,188.81087,0.4468308,81.8507,185.54295,0.27560994,72.2765,181.78061,0.18935566,139.08601,123.32752,0.115262195,1786.876,134.8271,0.48747018,1867.9744,110.65322,0.5334788
461,102.05549,188.5557,0.41230196,81.94724,186.15546,0.27216443,72.46278,182.26978,0.15317704,1757.1289,179.8942,0.089921385,1787.7178,135.99638,0.44454458,1869.3097,113.69311,0.52803844
462,101.8496,188.35228,0.33098006,81.61288,186.25726,0.23383193,72.79415,182.2069,0.11422111,1843.0618,185.3522,0.092374265,1781.7336,135.34625,0.47544137,1868.6078,112.86845,0.4883952
463,102.26394,188.75012,0.37439233,81.24713,185.47684,0.172543,72.37152,180.65414,0.062218875,1842.2987,185.57457,0.09128305,1787.1113,134.77596,0.50984675,1868.825,111.61126,0.5287698
464,102.928246,189.48059,0.40424526,81.75755,185.39392,0.22864716,72.33743,180.11275,0.08722997,1804.6874,181.71748,0.09947708,1801.7255,125.137085,0.49257788,1867.1222,111.05491,0.5201657
465,102.7269,189.32973,0.36166406,81.485466,185.39989,0.2251495,72.32976,179.9553,0.056768395,1772.9697,181.36673,0.09248839,1785.3815,135.98262,0.50390047,1866.7251,112.137886,0.5481662
466,102.021515,188.34627,0.34774417,81.14297,185.95715,0.24375588,73.459366,185.45747,0.064530164,1786.1849,180.79527,0.12276888,1785.0149,134.84714,0.4545608,1867.5515,110.27839,0.57468075
467,102.234146,188.71677,0.3690437,81.41759,185.36774,0.23979622,74.07569,185.25644,0.056387592,1743.803,179.27618,0.11131254,1785.4689,133.60855,0.49976373,1867.0956,111.28465,0.5040846
468,102.115295,188.51605,0.32916954,81.46276,185.79022,0.22461529,73.72824,185.45728,0.07825244,1811.8799,174.1618,0.09910007,1784.8835,135.78358,0.48602363,1868.0486,112.118,0.57051563
469,101.85281,188.48091,0.3304155,81.22528,186.04578,0.20528002,73.91657,185.41653,0.07285026,1842.8463,185.59052,0.089830585,1787.0647,135.17265,0.46156892,1867.3855,105.7451,0.5727505
470,101.80339,188.32625,0.28074652,81.44851,186.04744,0.1699995,73.697136,186.17087,0.08367983,1811.0911,173.4726,0.08051936,1785.6254,135.56398,0.5350339,1867.5435,111.07991,0.60074717
471,102.08474,187.98016,0.3441799,81.956055,185.96356,0.21460468,72.131744,182.16537,0.12346262,1843.6061,186.58507,0.09979476,1784.6979,136.6754,0.52514416,1867.5646,112.23018,0.5821408
472,101.94449,188.07956,0.33384556,82.23554,186.1096,0.20921277,73.089874,185.82498,0.0928247,1843.4683,185.98047,0.08701901,1784.1481,135.56453,0.530942,1867.8176,112.155685,0.5446541
473,102.437096,189.01033,0.3507315,82.66076,186.04938,0.20894863,73.79765,185.69513,0.099557385,1759.216,181.52992,0.1058601,1780.296,136.48784,0.54388183,1870.1052,112.04118,0.5904332
474,102.611595,189.063,0.33142713,81.999916,187.2032,0.24468634,71.96394,181.68616,0.11311025,1780.7793,182.02324,0.13042693,1786.257,137.13947,0.45324442,1870.9343,110.139694,0.6047227
475,102.86795,189.31477,0.37026125,81.41152,186.89262,0.24182639,72.381256,181.13985,0.13653377,1787.5566,183.22833,0.10431939,1785.3623,134.60397,0.5610977,1869.6995,108.630714,0.63299745
476,103.47472,189.15817,0.4484642,83.92315,187.26439,0.3080532,71.96799,181.61652,0.21300003,1810.9366,173.44513,0.08008825,1787.8121,134.44289,0.55512965,1868.6151,109.97918,0.623192
477,103.332985,189.3476,0.44893834,82.88816,187.21382,0.30472663,72.2306,180.85562,0.19729601,1802.9564,181.86725,0.09855816,1785.3507,135.21762,0.5388803,1872.2404,109.26459,0.59481364
478,102.74921,189.0624,0.33188117,80.94265,186.925,0.19181511,72.63762,180.47772,0.10699721,1850.0957,183.43645,0.10722186,1786.0294,135.30557,0.5295326,1871.7449,111.845055,0.5038829
479,102.73403,188.93845,0.33345404,81.99782,187.28993,0.22692794,72.17497,180.79297,0.108420864,1842.647,185.91898,0.12416071,1785.5331,137.3024,0.506963,1869.8495,110.656586,0.60500264
480,102.9706,189.05026,0.36475825,81.55352,186.84648,0.2526723,71.936295,180.274,0.105367064,1842.2079,185.32683,0.09306288,1788.8368,137.47675,0.4647443,1870.1422,108.09297,0.67755586
481,102.73999,189.22166,0.32636726,82.55063,185.40031,0.1769259,74.00365,179.86162,0.058791228,1802.2941,179.20428,0.10727587,1786.3483,133.78844,0.5798392,1868.4025,110.495224,0.6015288
482,102.910164,189.55202,0.41309163,80.84938,186.87785,0.2529304,72.928314,179.49925,0.08790317,1803.5604,182.52336,0.13248771,1789.2941,131.9444,0.64099175,1868.5363,109.6397,0.6214098
483,102.74513,189.27464,0.46158066,80.17577,186.84036,0.25142255,72.940025,179.0563,0.09503861,1795.3357,182.42488,0.12680772,1788.7362,133.06912,0.5959694,1869.9142,110.46955,0.596565
484,103.241974,189.6149,0.5224953,79.965454,186.63017,0.28637338,73.28591,179.42912,0.10141327,144.39867,128.83878,0.11314851,1790.4546,133.39735,0.5519205,1870.0399,109.812325,0.71349853
485,102.93602,189.55437,0.49912804,80.01776,187.02061,0.32476473,72.5793,178.58235,0.1278629,1819.9132,165.63885,0.1028765,1789.8287,132.79138,0.5691985,1869.8735,110.88555,0.6727488
486,102.97569,189.49306,0.4359393,79.90946,186.31546,0.24850817,72.70043,179.1092,0.08444307,1801.7516,178.71304,0.09955963,1788.0564,135.36139,0.4928474,1871.0524,111.18934,0.6572294
487,103.02717,189.6325,0.42266208,81.07529,186.60689,0.2738501,73.19657,178.74875,0.12216775,1811.7783,173.97993,0.111676306,1804.5955,133.21678,0.46797094,1872.5391,110.46801,0.62599266
488,103.025024,189.37236,0.46302852,81.087204,186.51993,0.305339,74.13052,178.0144,0.1019226,1803.9036,181.47406,0.10440306,1789.7261,136.54045,0.48796877,1869.8677,109.32238,0.7452735
489,102.86886,189.32378,0.44420603,81.15297,186.40497,0.28518167,73.7719,178.18495,0.09049896,1819.8665,185.49579,0.14020976,1802.1176,133.98593,0.4661221,1871.3981,108.46573,0.65754753
490,102.79751,189.71938,0.47972775,81.02721,185.78276,0.31586492,75.04234,172.61661,0.08931388,1819.7042,185.51886,0.11297698,1785.67,137.26825,0.512103,1870.3007,110.13736,0.6214968
491,102.70645,189.71535,0.4818188,81.14792,185.63715,0.30293974,75.48897,172.75037,0.09726635,1810.7863,186.10724,0.15020211,1788.4257,137.51869,0.51804155,1869.6117,111.079636,0.5406483
492,102.51405,190.14313,0.48326227,81.29653,185.48181,0.2870157,76.05871,173.17274,0.09425773,1803.4702,181.86205,0.13639688,1800.5751,134.5998,0.4802165,1869.5684,110.79444,0.5307197
493,102.216225,189.69656,0.3202433,81.36949,185.6384,0.16137262,75.786545,173.55315,0.060477454,1803.038,180.00163,0.09869061,1787.8011,137.01343,0.47075763,1871.4172,112.27775,0.55465513
494,102.168686,189.65627,0.3257446,81.573204,186.3329,0.19534813,75.67169,174.0816,0.11288147,1820.3862,165.48367,0.10119354,1784.0891,141.63641,0.44377688,1871.3481,111.81143,0.5892121
495,102.14236,190.04837,0.3767358,81.810524,186.1334,0.20690471,74.64484,177.8473,0.06804727,1820.1776,165.52155,0.09841807,1800.6096,133.56647,0.44314775,1870.4171,109.05113,0.59727323
496,101.84259,189.92294,0.3865164,80.98163,185.36456,0.2519973,105.66204,139.80252,0.077606134,147.2973,131.09677,0.12009966,1788.7572,138.65971,0.50642157,1868.5322,111.19675,0.5606988
497,101.65074,189.90358,0.35239434,81.499725,184.83649,0.2243725,103.82989,153.45377,0.08159365,148.6,132.2704,0.20026593,1788.132,139.37355,0.5030566,1867.767,111.968285,0.5794252
498,101.30312,188.70775,0.3306231,81.03809,185.39479,0.21982132,1691.218,119.73082,0.06350782,1774.6613,181.96222,0.08970368,1792.9177,136.56126,0.51673687,1868.4244,111.11045,0.5159833
499,101.227776,189.61082,0.23134395,82.06399,185.51572,0.1347501,1691.9291,119.13672,0.055804893,1802.0267,180.3648,0.113160506,1793.4781,137.72409,0.5210673,1870.9093,112.09702,0.49544203
500,101.42467,189.50249,0.2272321,80.91808,186.02692,0.17646271,74.83808,178.37473,0.054691706,1818.7485,185.04472,0.09932811,1794.9705,136.90817,0.5716718,1868.5923,109.88346,0.63713384
501,100.61805,188.54332,0.17445138,83.95118,185.32457,0.18583529,75.55633,178.51198,0.06433482,1811.5062,185.88002,0.102437735,1794.5867,137.18185,0.573977,1867.0532,111.96774,0.57027936
502,100.971504,188.71664,0.2580393,80.920265,186.24426,0.21672325,75.299614,178.2212,0.058499508,1842.3763,186.58176,0.09146439,1796.0961,137.23126,0.54451925,1867.7223,113.29008,0.576933
503,100.98121,188.83612,0.28775758,80.52069,186.54897,0.21773821,74.74761,178.8584,0.050600223,1802.6007,180.77713,0.11398206,1791.7302,140.1305,0.54874945,1871.6829,109.903854,0.63649035
504,100.6067,188.3454,0.22919494,80.61231,186.22495,0.19252864,74.49368,179.06847,0.04934208,1801.2971,180.86021,0.112945676,1795.913,136.96408,0.53377426,1869.5453,111.03806,0.58043253
505,100.912674,188.52908,0.30787647,79.60272,186.05951,0.21949911,74.04881,178.41968,0.050283063,1810.7297,185.65923,0.108660966,1791.6138,142.74852,0.53641456,1870.7686,111.395706,0.5565075
506,101.23111,189.3747,0.31042403,80.20076,186.5371,0.21761844,73.937935,178.9475,0.058821924,1819.787,186.01968,0.10962451,1796.7115,136.60738,0.59888303,1868.7037,110.20512,0.63452274
507,101.21766,189.10963,0.24819699,80.40864,185.8668,0.16317922,74.67822,178.17632,0.044153165,1789.7864,183.44727,0.100571424,1796.8254,136.36734,0.5650167,1869.4403,109.83335,0.6119473
508,100.45172,188.05719,0.2622221,80.74875,186.34857,0.17467712,74.39171,178.05615,0.0545777,154.69128,132.97803,0.1319765,1796.3096,136.80573,0.55381954,1870.784,110.84656,0.55664957
509,100.89507,188.74107,0.22564477,79.8365,186.05815,0.1567602,75.29554,173.87453,0.06179967,154.76436,133.38277,0.18741082,1794.9994,136.05136,0.5877114,1869.6505,110.24977,0.5731554
510,100.61393,188.54924,0.23443376,80.37675,186.11613,0.14634284,87.78141,175.83647,0.04615923,154.76683,135.20308,0.21008924,1794.4565,135.9263,0.59108055,1868.9985,110.78568,0.5987655
511,100.38188,187.49806,0.22974083,80.509384,185.9785,0.18447341,73.97076,178.44539,0.08702868,154.86545,135.57806,0.1186182,1795.2063,136.37265,0.56922805,1867.5884,112.30218,0.55836225
512,100.48218,187.5365,0.24790862,79.9287,185.87395,0.19027163,73.19769,178.32585,0.06424962,1810.7365,185.33418,0.14573626,1795.0195,135.76094,0.60304826,1870.3049,110.90071,0.5435832
513,100.81032,188.81636,0.21681674,81.29065,186.38551,0.1373346,74.2274,179.5866,0.06986542,1819.342,180.32368,0.10019879,1795.8291,136.97078,0.58659256,1870.3156,112.29271,0.50963223
514,100.49271,188.09781,0.2628692,79.53153,186.58057,0.17323124,73.91902,179.46957,0.06426657,1803.5587,181.34146,0.1441498,1790.9004,140.7211,0.5901298,1870.9606,113.067924,0.51515615
515,100.99143,188.3969,0.2728852,79.61232,186.7269,0.20816332,74.01205,179.3501,0.06955519,1810.136,184.43613,0.14798927,1794.9475,136.11732,0.594002,1868.5583,111.49274,0.5389209
516,101.17292,188.3946,0.3344466,80.42721,187.13844,0.24445765,73.69236,179.81255,0.096545726,1804.846,182.24924,0.11703954,1793.5238,137.85976,0.58713293,1870.4744,113.092674,0.5167049
517,101.01557,188.26578,0.31620443,79.4561,186.89023,0.23672538,73.9594,179.37674,0.0672434,1818.9266,180.0239,0.101105236,1793.6023,137.3989,0.56478304,1870.7452,112.4002,0.47997603
518,100.923386,187.90956,0.2707621,80.14071,186.49751,0.2037381,74.1233,179.75604,0.090010434,1803.2577,181.18054,0.108008616,1794.9427,137.03416,0.5456384,1879.2821,112.55642,0.5634395
519,100.743965,188.03632,0.19357398,80.83812,186.67722,0.12572253,74.908264,180.76266,0.078797236,1802.8079,181.26103,0.11077661,1793.2645,135.79733,0.56235,1884.5165,113.2481,0.50077826
520,100.79136,188.41774,0.22069146,82.90592,185.02718,0.12898247,74.3783,179.44627,0.03668049,1811.6555,186.68765,0.12171061,1794.1388,135.31761,0.6151004,1870.4248,109.04639,0.5074307
521,101.05162,188.60722,0.29906914,79.78616,186.30144,0.17920475,74.27146,179.30931,0.06230218,1819.3246,181.24927,0.10749097,1795.7429,136.42177,0.564488,1870.2621,109.72209,0.48682874
522,101.40033,189.64842,0.28312135,80.9631,186.77716,0.15447804,73.83849,179.4788,0.069874845,1819.4742,181.03079,0.12274988,1800.2454,135.9246,0.5940847,1870.518,110.22822,0.5512896
523,101.1265,189.44966,0.26169223,80.49958,186.24889,0.1362265,74.59414,179.24243,0.0383479,1802.0702,180.98752,0.12132771,1795.8339,135.84528,0.52747196,1869.499,111.871025,0.49146253
524,101.10074,188.85645,0.21130745,80.77813,185.79182,0.10789475,1697.4292,125.62367,0.06797293,1820.6069,165.71402,0.10875421,1799.2643,136.54596,0.5296077,1884.5878,114.67249,0.544655
525,101.296234,189.041,0.24651302,80.05687,186.35435,0.1408707,1698.9071,125.39822,0.0896272,1820.791,165.18083,0.104858786,1801.6322,136.33391,0.52328724,1884.2366,114.36147,0.5115019
526,101.23687,189.22212,0.28433242,80.62697,186.03766,0.1368285,1699.5867,120.55097,0.050796457,1827.0858,185.79492,0.10973941,1801.765,136.39969,0.5901199,1878.7191,111.63293,0.59455657
527,101.12876,189.03392,0.23448949,79.61522,186.07103,0.11850713,1699.7595,120.32381,0.05390455,1818.2845,180.26662,0.11561372,1800.835,137.05475,0.5729602,1885.972,114.59141,0.5364113
528,101.07771,188.9258,0.19520356,80.90767,185.72533,0.10769654,1699.5468,125.536514,0.12345611,1826.3497,186.64041,0.10613327,1803.1896,136.63774,0.5482919,1878.4619,110.7774,0.54965186
529,101.05473,188.86378,0.19012518,81.11888,185.95282,0.10363834,1699.3634,124.632065,0.0682211,1818.6403,181.2409,0.12555449,1801.7855,137.88933,0.52032596,1885.3531,113.2434,0.5284315
530,100.898506,188.86797,0.18476991,80.800095,185.55524,0.09408857,1699.7344,124.53707,0.06669297,1802.963,181.65273,0.11959882,1793.0665,141.74023,0.5071977,1886.3452,111.71811,0.5239206
531,101.18049,189.13753,0.19341114,80.46167,185.26477,0.098499276,1703.0032,120.55164,0.055608153,1820.6616,165.19633,0.10613634,1801.1315,137.04953,0.54934925,1884.8401,114.667534,0.5442203
532,101.210785,189.63333,0.34062913,80.51675,185.42546,0.14291695,1701.5885,123.86173,0.09029162,1820.3661,164.9883,0.121549845,1802.8545,139.72935,0.50120604,1886.1991,114.53743,0.49488792
533,100.4605,188.32997,0.20664264,82.99935,184.73898,0.12876019,1701.9845,124.024345,0.079983056,1819.791,180.82268,0.11157752,1802.295,139.05675,0.5129114,1886.0461,115.393394,0.514599
534,100.653244,188.47389,0.25523707,79.881744,185.7995,0.17387877,1700.2007,125.828865,0.06476513,1821.1143,165.5608,0.10509023,1803.0131,137.61539,0.5618151,1885.8632,113.85615,0.53650975
535,100.805176,188.47174,0.2791415,82.94389,184.65451,0.2021063,75.1651,178.3004,0.07625925,1826.6666,187.17506,0.11183396,1802.6741,138.18494,0.5410331,1884.4623,111.55651,0.5368002
536,100.733284,188.44702,0.28381887,79.82619,186.09816,0.21096875,75.31285,178.53398,0.094625525,1820.4998,165.53746,0.11526509,1802.8458,137.94629,0.5784449,1883.7266,111.703064,0.5569664
537,101.144875,188.732,0.31907448,79.72817,185.71324,0.20620139,75.37663,178.54343,0.07668777,1820.0,180.89532,0.10431666,1802.1316,138.35535,0.527126,1886.6301,114.69668,0.51026374
538,101.011765,188.53793,0.30199498,79.724915,185.69429,0.18142131,75.396515,178.29645,0.07271814,1819.8198,181.0403,0.123273015,1799.6499,141.87148,0.5333092,1887.7113,114.86334,0.48669305
539,100.76089,188.62782,0.30883673,80.20465,186.10275,0.15539825,1701.5995,125.94646,0.069472276,1.7689419,150.68452,0.13398209,1801.9846,139.31116,0.51966006,1887.1375,114.18291,0.5141551
540,100.97822,188.71373,0.3440587,79.196,185.99698,0.19453126,1702.0765,125.87461,0.08660151,1826.7704,186.7312,0.12596339,1805.2018,141.4015,0.5290228,1885.7853,114.63123,0.5431411
541,101.0591,189.74666,0.33758026,80.19205,185.667,0.20758212,75.49883,178.95079,0.063761726,153.59796,130.19373,0.16224635,1803.9456,140.66376,0.51045835,1884.5413,112.77905,0.5368964
542,100.65761,188.67378,0.27096093,79.75551,185.40773,0.16128746,1702.0957,126.006004,0.071133494,1820.4845,181.42961,0.12153903,1803.5928,138.196,0.5487696,1884.9031,113.58121,0.56736594
543,100.81739,189.76256,0.30507243,81.5919,186.17133,0.17536387,75.874664,178.51932,0.06480599,1828.3088,187.06335,0.121589676,1803.4634,137.65985,0.5635163,1883.5936,111.03161,0.5611993
544,100.9421,188.45576,0.2615865,81.1875,186.2508,0.16153991,1702.3153,125.60508,0.055451225,1819.0886,182.23729,0.14396802,1805.028,138.02107,0.60418266,1884.821,114.00961,0.53838074
545,100.70962,189.55136,0.23447476,81.65636,185.66689,0.11869555,1702.9689,126.08354,0.07199443,1827.5942,186.96011,0.14464614,1805.2389,138.04843,0.5826328,1885.256,113.90817,0.58241975
546,100.56502,189.78363,0.205875,81.8806,185.84323,0.10914135,77.3357,177.85121,0.042770155,1819.7412,181.39442,0.10832046,1805.0491,138.34729,0.56370294,1888.8766,113.09144,0.56069624
547,100.56642,189.77577,0.16553646,81.44007,185.67572,0.10319768,77.13093,178.08049,0.03492789,1819.6858,182.50836,0.12829451,1804.1447,136.98593,0.6061118,1885.7104,114.13636,0.5114585
548,101.030304,188.701,0.2948833,80.16087,185.08374,0.1976121,76.26721,177.70828,0.055780813,1820.9945,165.77655,0.12099713,1804.1512,138.0995,0.5750672,1884.423,112.264305,0.55418605
549,101.00074,188.48872,0.28195685,79.4752,185.3656,0.18437456,75.43417,177.80685,0.04757382,1828.8922,186.41261,0.09536468,1803.9619,138.58939,0.50725716,1885.3302,115.09544,0.5626874
550,100.822784,188.45335,0.29760963,78.88324,185.35355,0.15970126,75.322044,178.00116,0.047051743,1820.8785,181.27406,0.09617246,1805.8145,139.75781,0.5936333,1888.5309,115.41396,0.51854086
551,100.857994,188.72823,0.2691111,79.30841,185.09572,0.14641665,75.72168,177.8232,0.04427057,1828.4485,186.01054,0.11853561,1805.3655,137.30902,0.5770741,1888.6637,114.75246,0.51102066
552,100.90075,189.57729,0.2584489,80.26838,185.44429,0.13209866,76.535164,173.28601,0.039381884,1827.909,186.73257,0.11483303,1805.6504,137.17299,0.628689,1886.8116,115.667435,0.49844334
553,101.204735,189.79152,0.25834244,79.9697,185.86008,0.12658773,76.15658,172.94144,0.057072293,1828.5616,186.28403,0.10558556,1805.4164,137.24329,0.6198358,1889.1962,114.95202,0.5242392
554,100.91866,189.76819,0.28173044,79.62237,186.09642,0.123286836,76.215515,173.02681,0.057301983,1844.3445,186.848,0.100332476,1804.7712,137.16026,0.5878974,1889.1936,114.61486,0.49644646
555,100.96998,189.81815,0.33987215,77.50136,185.99475,0.17086631,75.28803,177.72801,0.05976031,1776.308,180.87341,0.10048272,1805.1727,138.65602,0.5487429,1889.2446,115.43458,0.48497614
556,101.04357,189.57079,0.26557708,79.9924,186.0243,0.11659614,74.78426,178.60825,0.037990715,1774.0254,182.07468,0.1150849,1804.2606,137.68066,0.56900215,1887.427,112.68327,0.46945843
557,101.066956,189.51591,0.38794717,76.92148,185.51219,0.16611305,75.65929,178.06082,0.049389794,1835.238,186.03743,0.116637744,1805.169,138.01723,0.57365614,1887.6685,110.09058,0.56804836
558,101.26303,189.82994,0.4529114,77.93401,185.61179,0.22439703,75.39366,177.96909,0.06962338,1820.0839,180.42455,0.10784811,1804.2518,137.237,0.5984174,1888.4279,110.99374,0.51399916
559,101.11185,189.83809,0.4324291,80.49678,185.59859,0.21343078,75.00102,178.37389,0.07360984,1826.9807,186.51866,0.105498366,1805.9946,137.04475,0.51071554,1888.4753,115.212814,0.5379234
560,101.37159,189.8726,0.3861195,78.63652,186.17043,0.19055033,75.17385,178.1874,0.06549666,1775.747,181.0785,0.123362385,1804.6073,137.56967,0.5812529,1886.8152,112.676796,0.50192815
561,101.07839,189.4914,0.34577972,80.85512,185.31143,0.14290005,76.78594,173.31596,0.04814291,1819.4767,180.67673,0.12332685,1804.0935,137.7365,0.5206705,1888.8883,114.46112,0.49106905
562,100.93266,189.03021,0.24283116,80.89893,186.19269,0.08905865,76.11701,173.23953,0.06976421,1774.3351,180.69717,0.11677787,1804.6615,138.62657,0.47760147,1890.2861,111.80821,0.5928333
563,101.24052,189.42741,0.31951058,81.19963,186.50713,0.17235997,75.030655,178.32169,0.08529021,1775.0178,181.50836,0.106270134,1809.2002,138.81099,0.4577014,1890.7927,108.63427,0.49174628
564,101.09955,189.1876,0.35952428,79.90937,185.56645,0.17162481,76.75652,173.15965,0.075306855,1827.7704,185.19214,0.08315731,1805.4473,138.71695,0.46480766,1890.8882,106.77874,0.5636596
565,101.38771,188.33986,0.34783518,79.86037,185.39095,0.21014813,76.22258,178.03099,0.07427262,1746.025,181.0813,0.13679338,1798.0477,140.04996,0.4540231,1890.2931,112.25914,0.5188598
566,101.348366,189.1921,0.37787634,79.71394,184.89304,0.20219944,1711.4127,120.602066,0.06255253,192.46222,166.61406,0.115189746,1804.5347,138.10754,0.50409406,1891.2991,106.55776,0.52983195
567,101.462364,189.02412,0.32495603,80.6664,185.75734,0.1601927,74.8718,178.04985,0.046817817,194.58183,166.95932,0.10864148,1806.7164,137.62663,0.49022868,1892.7206,107.46539,0.5331461
568,101.28843,188.34845,0.25888956,80.202225,185.42729,0.18111771,76.91323,173.10931,0.063875064,1827.4746,186.4527,0.10818893,1811.1736,137.20108,0.50427645,1889.8507,111.56206,0.54045177
569,101.359344,189.46532,0.3062196,80.898,185.85693,0.16855928,75.82246,177.78317,0.055555463,1827.8202,186.69547,0.09027473,1806.6973,138.72491,0.49215737,1890.5853,112.05295,0.49555883
570,101.14142,189.40688,0.35522124,80.84908,185.37558,0.1960336,76.98447,172.8022,0.053524267,1827.9518,186.77304,0.087845586,1805.6464,139.66988,0.4971293,1891.3118,111.32627,0.519524
571,101.27101,189.51097,0.32725388,80.87686,185.62674,0.16046582,77.913414,172.37634,0.06149465,1819.6371,181.7995,0.112105764,1809.328,137.40099,0.50945044,1890.6229,111.39296,0.50819683
572,101.49441,188.40392,0.3747992,79.8745,184.68114,0.19492045,78.21208,171.60838,0.0670425,1819.8695,180.78783,0.10181382,1805.5485,137.79486,0.53734624,1891.2646,106.21921,0.56858605
573,100.922585,189.59949,0.25292897,81.27344,185.19846,0.12084354,78.86328,171.27808,0.06798533,1776.0768,181.84042,0.092675865,1805.4047,139.36462,0.5058502,1891.1738,111.29755,0.5283674
574,101.14054,189.74136,0.32110485,80.724594,185.45988,0.13388836,79.32746,165.4518,0.05123849,1819.3866,180.47302,0.12287177,1801.8219,141.62605,0.4645734,1890.796,112.698395,0.5183413
575,101.42751,189.7401,0.4075382,80.99156,185.42307,0.19168389,76.88482,172.85521,0.057212815,1836.4749,180.17697,0.103939034,1806.128,140.0019,0.47390446,1891.2626,115.3204,0.5030202
576,101.25419,189.44748,0.3220298,80.7577,185.65002,0.16436861,76.02414,177.77121,0.051482044,1820.3593,181.07732,0.09658483,1805.0186,140.69351,0.49220428,1892.2836,115.718346,0.49665177
577,101.217,189.16347,0.34341273,79.85602,185.38382,0.19043621,75.922516,178.35393,0.061452,1766.2656,182.34067,0.089371644,1806.2861,140.38042,0.4918016,1892.3116,110.56236,0.54634005
578,101.41911,189.08377,0.3858284,79.49643,185.2741,0.20268908,75.785034,178.58981,0.057086743,1819.7443,181.3294,0.090775624,1811.9163,141.5638,0.46140608,1892.0212,110.36173,0.51548827
579,101.389984,189.12971,0.33920822,80.17961,185.88487,0.15220428,75.68397,178.12256,0.043720484,1819.6381,181.39107,0.09249348,1813.0857,142.98463,0.45698452,1890.885,111.28801,0.459855
580,101.52205,189.27684,0.3888317,79.82745,185.39337,0.2014947,75.27014,178.34778,0.06759152,1835.7391,180.20813,0.10457215,1806.5002,139.48947,0.51616335,1891.4568,112.454865,0.48630813
581,101.47974,189.1915,0.33060902,79.788216,185.73836,0.15139633,75.28818,178.86299,0.053695858,1836.0486,179.94286,0.10857758,1810.003,138.86008,0.5062373,1892.8729,115.14835,0.49225643
582,101.80641,189.30606,0.46071413,79.98475,185.69658,0.20458227,76.16959,178.69559,0.087454185,1835.3402,180.13698,0.12225739,1806.9894,139.848,0.5238872,1892.9106,116.035965,0.47889027
583,101.79695,189.36552,0.47598806,80.26035,184.88594,0.22401142,76.35524,178.16988,0.07419117,1819.4531,181.55264,0.11810994,1805.5752,139.04362,0.5812451,1891.5911,115.75518,0.512769
584,101.68738,189.50812,0.41352496,79.67058,185.57751,0.19821739,76.284035,178.8501,0.08435065,1843.9972,187.64099,0.089457855,1803.9866,138.76971,0.5164771,1892.7462,115.28474,0.48023656
585,101.50168,189.82211,0.35130343,78.78726,185.5652,0.1717379,75.972435,177.82004,0.07507446,1835.1423,180.46178,0.100010626,1811.1846,138.10724,0.5133169,1892.8456,114.778946,0.48543343
586,101.44425,189.79568,0.39927533,79.12951,185.32254,0.18121192,76.69351,177.62595,0.085656226,1775.1145,181.19084,0.10581581,1804.9333,139.31355,0.5104366,1892.8835,114.67594,0.5381665
587,101.48423,189.8556,0.3660961,80.421425,186.12839,0.15504283,76.29705,178.27586,0.06997661,1804.7657,181.2046,0.09775912,1810.9286,138.19203,0.5123728,1893.8495,116.225,0.5267751
588,101.5328,189.87747,0.38078615,78.59923,185.16962,0.14290191,75.97769,177.78416,0.05502701,1835.4065,180.44762,0.094212346,1817.185,137.98851,0.5258432,1894.005,115.65592,0.50481963
589,101.58843,189.47858,0.3386678,80.23024,185.98228,0.13854164,74.73247,178.63829,0.053815514,1836.1063,180.5386,0.10389385,1811.0616,139.00266,0.4937517,1894.4181,114.75142,0.46177503
590,101.60093,189.35136,0.34100088,80.38428,186.1488,0.14622529,74.8798,179.3193,0.060498185,-0.21137047,147.67073,0.10362586,1817.5227,139.85278,0.4964753,1893.9617,115.196655,0.48351344
591,101.388855,189.25168,0.33615163,78.92793,185.51036,0.14792939,75.00846,179.23956,0.053416967,1836.3579,181.45871,0.1251244,1819.3792,142.38486,0.54380757,1895.0455,116.48987,0.46180978
592,101.36663,189.6079,0.3244008,80.255684,185.74901,0.1235983,75.19622,178.06053,0.04679712,1836.1592,180.9712,0.11358746,1819.9156,141.61398,0.5505134,1893.304,115.707886,0.4941418
593,101.31789,189.58475,0.34460267,78.76989,185.00543,0.13930468,1718.9962,119.83781,0.050196588,1836.5974,180.63583,0.10759381,1819.7799,140.48811,0.54993564,1893.1797,114.63515,0.5459498
594,101.48291,189.58801,0.3689337,78.41332,184.74287,0.1736641,1718.8273,122.944466,0.053321116,1774.9235,180.28362,0.11205839,1818.9424,141.39328,0.48173293,1895.0869,115.40981,0.46715483
595,101.47867,189.53624,0.39204675,78.79745,185.1314,0.18963319,75.42688,178.60384,0.08337098,1843.2534,187.1739,0.11245043,1818.8331,141.50067,0.5419748,1893.0305,116.369576,0.50612247
596,101.434586,189.66428,0.43867484,76.71275,184.97612,0.18589222,74.78813,178.37607,0.05042477,1783.468,182.28201,0.12505832,1819.1525,138.69264,0.49736044,1894.5481,114.61392,0.46130916
597,101.159904,189.2234,0.37138343,77.14165,185.14438,0.14042117,1723.6793,119.8253,0.045477882,1834.9419,180.69398,0.12998852,1818.5837,139.66156,0.50681853,1894.6079,116.49083,0.47116026
598,101.23564,188.9822,0.37643236,77.771355,185.67223,0.1520353,1723.7451,119.44425,0.04331949,1843.381,187.87282,0.112342045,1818.0193,139.81844,0.5026769,1894.5134,115.35495,0.4817703
599,101.28683,189.2087,0.36794177,76.728325,186.14249,0.13917619,1724.0834,119.74762,0.053938657,1835.7222,181.71484,0.11580267,1819.752,139.02701,0.5398691,1894.1863,110.93124,0.46252534
600,101.16374,189.39304,0.32191616,78.93856,186.10257,0.11034311,1723.7311,120.08768,0.045122333,1784.1068,181.56093,0.1430624,1821.9032,139.89198,0.48343974,1894.7767,115.76425,0.4359356
601,101.31796,189.52208,0.37743405,76.472725,186.35945,0.19697788,74.43053,178.5046,0.040159836,1774.1188,180.72041,0.1285428,1818.8046,138.1446,0.49978536,1894.0814,115.77669,0.47506294
602,101.52847,189.30981,0.40752047,75.80693,186.56372,0.17365396,1722.6323,123.58715,0.06133668,1834.8595,180.81006,0.10551705,1818.1519,138.47502,0.49212486,1895.0918,114.98286,0.4666869
603,101.508255,189.16457,0.38405395,76.83806,186.36412,0.14842281,1723.057,123.69229,0.060923833,1773.7643,179.9439,0.12929991,1819.7375,138.33513,0.50403416,1894.0964,115.306175,0.45765942
604,101.27024,188.97491,0.23843277,79.23997,185.85332,0.09254247,1721.9261,119.40442,0.050330624,1775.33,180.23936,0.12247537,1819.7781,138.32588,0.48361048,1895.0074,115.80574,0.44240308
605,101.43196,189.06322,0.27507314,79.49913,186.02788,0.12905478,75.097145,179.34496,0.047230005,1843.6395,186.97354,0.100519724,1817.542,138.30841,0.4716062,1895.0923,115.692276,0.4339433
606,101.28685,189.1847,0.2935941,78.593704,186.59116,0.14646159,1723.8917,123.295006,0.07662791,1774.4629,179.65868,0.16503498,1811.7126,137.63388,0.42547157,1894.4601,116.37709,0.45244408
607,101.274155,189.203,0.25246918,78.32931,186.58168,0.14141133,1725.8693,123.56446,0.09248234,1772.7654,179.6921,0.1534871,1817.4749,138.35715,0.44356123,1893.3479,116.549515,0.45899197
608,101.44409,189.43684,0.36430326,77.891045,186.04431,0.15798104,1726.6627,120.330765,0.07816081,1844.1543,187.24197,0.11175306,1819.3844,138.94751,0.47589204,1894.333,116.857994,0.45050323
609,101.254425,189.38841,0.34872675,78.11912,185.82607,0.13805518,1726.0208,119.791885,0.070033684,1774.3375,179.8222,0.13175194,1818.413,138.10074,0.4656414,1894.738,117.087494,0.44174907
610,101.392204,189.50237,0.32767394,78.3753,186.29056,0.14235714,1725.7399,123.162704,0.088416755,1835.2888,180.62949,0.11115016,1818.236,138.24107,0.47604415,1893.9412,116.140945,0.42928317
611,101.077774,188.49117,0.2933088,78.51974,186.8773,0.18886921,1726.8301,119.745,0.063198164,1836.1143,180.96033,0.10077086,1813.0038,138.2899,0.46803263,1894.9253,115.9328,0.4245166
612,101.22851,189.4951,0.3205341,78.061066,186.73625,0.15544656,1726.1173,122.636925,0.10536328,1835.3485,180.44876,0.10506751,1817.5262,138.18758,0.4595156,1894.4509,117.45668,0.47264335
613,101.36271,189.45375,0.40281585,78.036606,185.9676,0.17531396,1726.1815,122.33631,0.118586875,1789.5414,180.23492,0.116421565,1818.107,137.48512,0.4667401,1893.9285,116.497856,0.5014249
614,101.235954,189.4712,0.37261474,78.159454,186.60991,0.13398294,1726.6165,118.54504,0.094801985,1775.7837,179.18712,0.12362745,1816.862,136.70628,0.47693744,1893.1371,116.31219,0.45078036
615,101.32068,189.45125,0.35396,76.35601,187.03998,0.12972805,1726.804,121.23584,0.091488734,1776.8396,180.36794,0.14978348,1817.2573,135.80663,0.48771396,1893.928,116.30253,0.4819587
616,101.43058,189.36668,0.38572177,77.62265,186.43886,0.163396,1727.5879,121.79927,0.13075444,1789.1029,179.76735,0.15071239,1817.9388,136.74316,0.454595,1894.7905,116.00872,0.4428035
617,101.315125,188.97682,0.36508808,77.069885,186.56093,0.14067817,1727.4697,121.55174,0.11835348,1788.6075,179.73013,0.18219878,1817.347,135.50888,0.46450117,1894.9856,115.70985,0.42503873
618,101.39195,189.28712,0.3959412,77.26218,186.2679,0.14464824,1728.2344,121.23863,0.062053297,1776.6703,177.84764,0.14985298,1817.3804,135.5262,0.48892987,1895.0122,115.873436,0.43473622
619,101.49647,189.49911,0.41840294,76.94121,186.58832,0.16024204,1729.3451,121.36817,0.0922874,1775.56,179.68008,0.1335892,1811.194,135.44804,0.48110494,1893.4512,115.19547,0.4264959
620,101.64695,189.69356,0.43916976,77.768875,186.2794,0.1608385,1728.5958,122.84958,0.08049068,1775.7134,177.99075,0.18809704,1790.4247,136.51929,0.4274193,1895.0995,116.47224,0.41439995
621,101.372055,189.7172,0.38880745,78.867714,185.70444,0.1326329,1728.6049,122.53714,0.049707185,1777.2921,177.55919,0.23019977,1817.6359,134.53604,0.39922956,1894.7059,111.82805,0.43711412
622,101.28887,189.71036,0.3640745,76.80602,187.36435,0.13824086,1730.797,121.464096,0.06858943,1775.5721,179.56413,0.17750455,1804.9695,136.89864,0.450933,1894.964,117.46223,0.44766894
623,101.62534,189.81973,0.42747968,75.235054,187.7346,0.16307679,1730.5067,121.85454,0.043154124,1819.0311,178.76384,0.13216126,1809.8842,136.20358,0.41598377,1895.7738,117.272896,0.42754486
624,101.33681,189.90807,0.39226326,78.65469,186.61006,0.14679678,1729.4508,117.34426,0.059647508,1790.217,179.36472,0.17550735,1804.5247,136.19748,0.45287612,1895.4762,116.71375,0.46201083
625,101.35828,190.00606,0.46101046,75.373795,187.09265,0.17845245,1728.9502,117.44108,0.061078854,1791.0419,179.77884,0.2251204,1792.6311,135.5644,0.4726627,1895.3751,116.4869,0.4261545
626,101.34222,190.03697,0.47315702,75.834595,186.80107,0.20600623,1730.3497,121.508965,0.085331656,1791.6238,179.4911,0.17565869,1805.7925,136.38597,0.4249011,1894.8738,116.21659,0.47587353
627,101.48708,190.08167,0.4214186,76.57671,187.59329,0.19243437,1731.6191,117.61847,0.07766399,1791.3064,178.78905,0.13754834,1804.107,136.46548,0.4071515,1895.5988,115.78677,0.43741673
628,101.24244,190.26282,0.450883,75.64257,186.89156,0.18553156,1732.2185,118.645775,0.11810242,1785.3336,176.45473,0.2476721,1789.5533,132.8783,0.4262168,1895.5325,115.16383,0.42491445
629,101.37355,190.11827,0.3698404,75.61421,186.68129,0.14427334,1732.2773,117.88677,0.10925166,1788.8422,176.7065,0.23218966,1790.4396,134.98953,0.4808976,1895.4237,114.82192,0.42242151
630,101.51249,190.19818,0.42379242,75.78089,186.60861,0.16831785,1732.0531,118.03142,0.11518815,1788.7915,176.22028,0.1899607,1790.1929,132.36601,0.52294576,1895.4998,115.23573,0.45774275
631,101.43871,190.08725,0.41430667,76.32006,187.07986,0.1767021,1732.0854,117.39787,0.107903786,1789.4902,175.71288,0.21312086,1790.7222,132.75308,0.40708154,1895.8951,115.68291,0.42902505
632,101.49952,190.18578,0.37053728,76.29056,187.287,0.15186068,1734.6115,117.652954,0.11695679,1789.7826,175.75128,0.19750312,1802.0237,133.38826,0.4637398,1895.8131,115.7814,0.39331168
633,101.456215,190.1391,0.39242995,76.44146,187.54231,0.15979308,1732.7583,117.43992,0.10824838,1803.5464,172.2916,0.17565648,1803.6412,132.2144,0.5177062,1895.195,116.69699,0.42025113
634,101.29045,190.31364,0.33898088,79.484924,186.641,0.14051248,1731.8927,120.08081,0.13305508,1805.4312,173.11824,0.19558185,1791.2538,134.84892,0.4561443,1894.7704,115.728905,0.43806505
635,101.33434,190.2153,0.31124425,79.863625,186.79218,0.14122733,1735.4207,117.34546,0.095236085,1804.8278,174.11761,0.1809232,1804.306,134.44308,0.45492718,1894.4954,115.10273,0.4548915
636,101.49103,189.83539,0.33921015,78.7141,186.28618,0.11798831,1732.6709,117.27275,0.081523,1795.0247,176.3487,0.31052932,1802.9136,134.27478,0.4425994,1895.3176,114.7905,0.43117073
637,101.293724,189.82588,0.34936485,78.772446,185.84274,0.12645046,1735.7799,117.581635,0.07871243,1788.1195,176.44754,0.27494556,1802.0847,133.67587,0.410506,1894.8728,115.124504,0.4220942
638,101.06762,189.83258,0.36299032,78.784775,185.93495,0.12998444,1735.6678,117.45097,0.08324297,1796.2421,177.03119,0.24062328,1778.5457,136.12572,0.43184367,1895.1818,114.82897,0.41810393
639,101.189964,189.9308,0.36732605,77.62877,186.6148,0.15378934,1735.2053,118.22916,0.09359794,1791.4248,175.63974,0.25286055,1778.8945,133.14487,0.45202124,1894.6752,114.7286,0.4362519
640,101.41368,189.73024,0.3166422,78.87123,186.36018,0.1358642,1733.0618,121.02153,0.110333934,1790.0193,174.94814,0.25172877,1778.7113,132.90265,0.42387608,1894.8793,115.50907,0.44666317
641,101.238266,188.7749,0.2982232,77.8454,186.62607,0.13950437,1732.7673,120.18712,0.108073965,1801.9625,171.23535,0.22316554,1803.341,134.22163,0.40076447,1895.6826,115.70883,0.43068543
642,101.21522,189.75174,0.28612462,79.219604,186.56125,0.11034389,1735.034,117.885506,0.09086597,1805.207,177.705,0.29484904,1802.8701,133.2312,0.42429602,1897.9359,115.35751,0.42521167
643,100.99928,189.56987,0.26236442,79.02119,186.21513,0.1008148,1735.2755,116.92885,0.07363012,1834.7058,173.26793,0.1398317,1805.3895,135.75595,0.38596413,1895.5049,114.46591,0.43625146
644,101.121216,189.53828,0.20119362,79.34334,186.6218,0.13609731,1735.426,117.364136,0.0964725,1805.558,165.74951,0.17850293,1802.9838,134.56209,0.45057663,1897.641,110.4946,0.41485304
645,101.217415,189.58183,0.27471125,77.56068,186.65482,0.1777668,1735.3204,117.86588,0.090628535,1806.7206,165.70407,0.15775909,1803.6132,133.9619,0.4605585,1895.3984,114.68524,0.42719185
646,101.496506,189.61232,0.440122,76.77022,186.1733,0.20014238,1731.3553,120.03962,0.13171822,1804.0183,172.59608,0.23929188,1802.8325,134.7163,0.48510793,1898.2201,110.45663,0.44737408
647,101.650154,189.14142,0.47749147,77.584076,185.69489,0.20315927,1731.6544,117.776634,0.09918037,1804.444,173.57512,0.23898832,1802.6812,132.83917,0.48058593,1895.7725,113.753235,0.44138038
648,101.58587,189.35847,0.48107696,77.765335,185.7291,0.18895246,1734.4127,118.00235,0.10255565,1788.9966,176.59164,0.19969767,1804.1982,132.19069,0.47166893,1895.1941,114.2162,0.42569825
649,101.498085,189.3686,0.37793127,77.46377,185.97758,0.17231467,1732.2875,116.76919,0.10265466,1803.4099,172.53168,0.18526942,1803.158,134.2323,0.42627814,1895.9027,114.51244,0.42225078
650,101.3946,189.30121,0.43510845,76.1502,186.16551,0.18133777,1735.3496,117.00124,0.07299805,1805.213,173.20683,0.21365876,1803.2087,135.7457,0.444719,1895.4141,113.82581,0.41054228
651,101.467514,189.21446,0.47619003,76.55079,185.92833,0.18816906,1730.9446,119.89132,0.09392682,1804.63,171.5942,0.18678173,1805.209,134.41011,0.44585955,1895.5668,114.450195,0.40355983
652,101.17268,188.13545,0.4170866,75.51028,186.24518,0.17861108,1735.1249,118.11244,0.089374796,1805.3027,172.8339,0.2260938,1803.9288,133.90912,0.50189304,1895.2609,114.235855,0.40080658
653,101.42673,188.33818,0.41756177,76.01349,186.008,0.2048898,1735.1195,117.26866,0.076780386,1805.046,173.1776,0.16038701,1804.1511,134.43164,0.4936296,1895.222,115.47102,0.41136453
654,101.467125,188.22115,0.38262063,80.88464,184.62341,0.1907012,1732.1223,120.717255,0.07485287,1805.3341,164.7898,0.1947947,1803.4305,135.34813,0.47303995,1894.707,114.081955,0.41376874
655,101.66734,188.4714,0.43338317,81.12429,184.51506,0.17738742,1733.6422,117.65723,0.06495407,1806.157,172.23038,0.16087113,1805.0461,134.29474,0.49148604,1894.8593,113.80016,0.42111143
656,101.38105,188.57642,0.4171955,81.27387,184.29587,0.16822639,1733.9797,117.33033,0.06800097,1803.5883,172.04399,0.20940816,1805.0043,132.59975,0.47258893,1895.1761,113.88553,0.46950623
657,101.549614,188.36215,0.45262504,75.35776,185.74535,0.18255115,1731.4818,116.95608,0.08555022,1803.5326,172.17322,0.2348149,1804.8579,133.89293,0.48421326,1894.6388,113.04089,0.46265024
658,101.65776,188.89595,0.5050273,80.41401,183.86374,0.1843725,1730.03,120.57505,0.10522556,1804.0676,173.68326,0.27501568,1802.5925,134.25064,0.44434792,1895.6726,113.78111,0.41324484
659,101.54159,187.81297,0.57509685,76.15745,183.96904,0.15676601,1730.4668,119.8302,0.08907367,1804.7583,165.12733,0.15774518,1804.6665,135.70554,0.4927766,1895.1328,114.30622,0.43335405
660,101.312965,187.98013,0.54007834,75.86444,183.91354,0.1533056,1734.2286,116.9163,0.08331837,1787.2792,173.30548,0.18598565,1804.2903,135.39368,0.40316555,1898.4714,115.52238,0.41049275
661,101.84659,188.87206,0.5541807,76.265236,183.48299,0.16856182,1735.2955,116.40442,0.070009306,1803.5989,171.26862,0.2023999,1804.439,134.39357,0.427559,1895.9282,115.058716,0.4160646
662,101.987495,188.67892,0.5492996,75.63051,183.28279,0.15770711,1735.088,117.006744,0.080066994,1803.7719,172.30429,0.20076415,1804.0706,133.34157,0.43848273,1898.5151,112.45106,0.4162195
663,102.1185,188.3985,0.49214715,81.06986,181.44994,0.11501508,1730.6924,120.60809,0.099021874,1804.3014,173.36731,0.2566961,1803.805,134.37569,0.43864456,1895.4528,114.94498,0.44327137
664,102.23955,188.5596,0.553085,75.365875,183.4565,0.16032125,1730.7278,119.79012,0.08373051,1801.9164,171.2093,0.2920156,1803.059,134.41849,0.41336787,1894.8209,113.53121,0.426537
665,101.89062,188.37994,0.47524104,75.89874,183.50012,0.16291818,1734.0344,117.52492,0.08221727,1802.5515,173.28282,0.30191153,1802.3748,133.26047,0.49420843,1895.7009,114.03418,0.41209552
666,102.20171,188.52245,0.45123225,76.67861,183.97783,0.15160307,1735.4088,117.183266,0.092717916,1795.9481,176.42244,0.30718082,1804.3525,133.5824,0.4652485,1898.7057,111.97334,0.43707758
667,102.06671,188.40298,0.47483456,76.62528,183.80864,0.12807032,1734.9424,116.80547,0.07193511,1793.8616,175.29846,0.32264537,1804.7058,131.70566,0.4749876,1894.5818,113.0136,0.4351172
668,101.90706,188.13455,0.4704891,76.90489,183.42828,0.1371229,1734.6422,117.17676,0.055410814,1796.2278,176.1396,0.3345552,1802.3402,132.12402,0.43029803,1895.4584,114.04618,0.4603223
669,101.81591,188.15346,0.5192225,73.303505,184.8242,0.14703278,1735.0267,116.35296,0.055589035,1803.7682,173.43001,0.23376013,1803.9421,133.26144,0.44123968,1895.2429,115.28681,0.45431685
670,101.56626,188.13818,0.5129208,72.71836,185.23248,0.13999249,1737.9596,111.86897,0.043468382,1807.2903,176.9433,0.30003616,1804.8418,133.94597,0.44831422,1896.1742,114.19174,0.410881
671,101.416,187.99481,0.48490047,71.92908,185.0561,0.14936708,75.35851,165.5151,0.05878297,1843.5568,183.47697,0.20531335,1802.3246,133.65982,0.4651908,1895.7668,114.49813,0.4383096
672,101.23811,187.95895,0.44640866,76.11739,183.58844,0.15666723,1735.5817,115.711174,0.067951486,1806.8813,177.14381,0.36266837,1802.8705,133.20348,0.51126796,1898.7733,115.22865,0.44316396
673,101.381,187.93454,0.4222787,76.49387,183.72433,0.1815633,1735.3184,115.66655,0.07443587,1810.729,179.17758,0.23192467,1803.7009,133.61443,0.49937895,1898.6984,115.17705,0.43188906
674,101.41819,187.92523,0.42912674,77.07222,183.99039,0.19368368,1735.7244,115.43616,0.07618706,1808.3232,178.62433,0.32712632,1804.6621,134.0781,0.4681246,1895.2117,114.45922,0.46142915
675,101.56206,188.00446,0.3954411,76.755905,184.30618,0.18548793,1735.8667,115.376915,0.09742764,1807.494,176.28737,0.34229907,1803.7076,132.88266,0.47598317,1896.3776,114.20934,0.42418444
676,101.72722,188.1327,0.38867328,77.1323,184.1947,0.1905233,1736.1774,116.08816,0.06796494,1807.336,176.7719,0.29784548,1803.174,134.44368,0.46845898,1895.5856,114.45036,0.427819
677,101.87297,188.26193,0.41239795,76.12659,184.3975,0.1714819,1736.4851,115.9848,0.07001173,1807.6073,177.38014,0.36451012,1804.9825,132.59215,0.534077,1895.4576,114.13788,0.43389085
678,101.798676,188.36443,0.4137846,76.07308,184.54318,0.17357561,1738.2404,115.8547,0.06587415,1805.1841,176.84155,0.3091786,1805.9338,131.33029,0.56745636,1895.7775,114.57526,0.43394464
679,101.27622,187.49757,0.4160057,76.37543,184.22066,0.1807137,1735.9111,116.102135,0.05100414,1808.2875,176.91974,0.3075176,1806.7521,130.4537,0.5823159,1895.0265,113.986336,0.43929753
680,101.16119,187.43576,0.38961428,76.922554,184.32504,0.19599983,1736.5901,115.36066,0.056321617,1804.9585,177.9042,0.3082751,1806.6902,130.9322,0.5994203,1897.2855,110.80627,0.42845994
681,101.466576,188.41266,0.36309382,77.65613,184.33115,0.1868507,1735.867,112.12565,0.06915034,1807.5846,177.61977,0.30133337,1805.4249,131.3942,0.56190336,1895.3853,114.02271,0.41188225
682,101.71883,188.38759,0.38143435,78.25136,184.45445,0.21563399,75.23506,178.50821,0.0649036,1809.5427,178.89847,0.32979164,1807.522,131.28162,0.5713233,1895.5879,113.946175,0.43405277
683,101.468834,188.25894,0.3127686,78.488525,184.17578,0.16613042,1736.1323,115.697365,0.05860965,1807.5267,178.0431,0.30823776,1806.3263,130.6562,0.5925487,1897.3379,111.905594,0.43599114
684,101.19501,188.16087,0.32145905,77.63869,184.36153,0.18519258,1739.125,114.7683,0.052636553,1806.753,177.72192,0.2830755,1806.5968,131.71881,0.57843846,1895.2076,114.24685,0.43697962
685,101.38225,188.17543,0.32767272,78.21899,184.59761,0.18744501,75.22236,173.42264,0.05698025,1796.2838,175.6753,0.21730867,1808.1768,130.28241,0.60748756,1895.339,110.189644,0.42748436
686,100.921265,188.18016,0.34160656,78.20197,184.55008,0.1658158,1738.7406,115.18271,0.0733897,1807.616,177.0961,0.28939864,1807.2947,130.0531,0.6416084,1898.4858,111.10674,0.45356402
687,101.0416,188.1867,0.39098665,77.67465,184.63577,0.18773186,1736.5253,112.245674,0.08361681,1806.2659,177.02405,0.3061658,1804.6493,129.98149,0.6310529,1897.3458,111.535324,0.45028737
688,101.473434,188.19708,0.3834552,77.89364,184.58829,0.15832084,1737.2883,115.331635,0.09903162,1802.6743,177.97493,0.26115286,1807.7643,130.54028,0.6479568,1898.6523,112.58793,0.4291255
689,101.48918,188.20117,0.4319432,77.90708,184.96826,0.11490006,1736.7778,115.370605,0.11268875,1807.4143,177.33707,0.3171966,1807.8458,130.51529,0.6268863,1897.7109,112.651695,0.44897366
690,101.71746,188.23671,0.43692088,78.457634,185.00052,0.14352402,1736.4185,112.064026,0.090742975,1801.8619,176.77934,0.26808923,1806.1698,130.52153,0.5611746,1897.4495,115.69,0.4529184
691,101.86018,188.32878,0.36659697,78.80293,185.15208,0.13379343,1736.5813,110.58378,0.06411199,1806.3113,177.17448,0.30004272,1807.3975,131.15495,0.52177536,1898.3528,111.97669,0.4255934
692,101.77634,188.49263,0.38555524,78.319626,185.30193,0.12492814,1737.4364,114.26998,0.07343096,1806.904,178.19739,0.27138406,1806.9358,131.6971,0.55762964,1897.9429,115.11826,0.42347276
693,101.79509,188.44363,0.39339852,74.60734,185.79063,0.12373792,1736.752,114.28284,0.07361065,1805.4668,177.32486,0.23853862,1806.918,134.2143,0.47277763,1896.2617,115.16324,0.41768077
694,102.01998,188.65146,0.4352989,74.601524,185.8707,0.16998166,1738.7133,111.33033,0.0664123,1804.4814,175.96384,0.22404395,1807.4993,132.14908,0.49183968,1898.5272,111.572334,0.44781706
695,101.75257,188.65865,0.35698238,74.63128,186.32689,0.13998076,1739.167,114.20415,0.08504473,1804.4126,175.85616,0.20724703,1806.7509,134.2228,0.49223343,1898.2893,111.06408,0.4217398
696,101.50129,188.59761,0.309718,77.2141,185.4135,0.11517818,1739.3906,114.46665,0.082196474,1814.0619,179.0405,0.2804417,1808.8533,132.47519,0.5146923,1895.9028,114.57224,0.42282745
697,101.554245,188.67929,0.33883286,73.973366,186.12354,0.10692995,1739.2418,114.546074,0.07126176,1806.9259,177.35059,0.29468286,1810.2123,130.25902,0.61330307,1894.5885,113.75354,0.43552983
698,101.66737,188.7012,0.38723004,81.99195,184.19083,0.1589928,1739.5934,114.24363,0.070299126,1805.3562,177.17496,0.24549451,1810.1122,131.59462,0.53042316,1895.6989,114.977196,0.4070721
699,101.54727,188.60626,0.4278207,82.18024,184.07588,0.18194923,1739.2101,114.20864,0.05886361,1805.8319,177.07526,0.3001839,1808.6633,130.58243,0.6194842,1895.4819,114.8616,0.43138143
700,101.74656,188.82489,0.36588794,82.08603,184.53566,0.15285279,1739.2228,114.59852,0.08757508,1805.2563,178.09715,0.24851315,1807.1234,132.08319,0.59301895,1898.2825,112.33185,0.42007935
701,101.21662,187.8927,0.3031168,77.14827,184.9635,0.10294747,1739.7777,114.19596,0.07305575,1804.2329,177.66167,0.2632579,1808.4523,133.45032,0.5189908,1898.1398,116.04565,0.41378227
702,102.085625,188.67737,0.2911508,78.216156,185.18515,0.07952558,1739.3824,114.26069,0.06688555,1806.3024,177.8156,0.29264838,1809.0917,133.09206,0.5115915,1896.9963,115.83137,0.46366632
703,102.07461,188.86026,0.31518057,74.32596,186.33809,0.11189103,1738.8068,114.768875,0.07031387,1807.2955,177.30392,0.22952525,1810.652,129.9248,0.62839776,1895.0237,114.10511,0.45365554
704,102.43514,188.67686,0.30051404,75.15632,186.10597,0.092749245,1740.0463,114.84186,0.0636794,1807.5094,176.97334,0.3246993,1809.1031,131.45584,0.57329375,1895.4858,113.48451,0.44912255
705,101.84025,188.58961,0.18604982,79.9638,185.21393,0.0823703,1739.7795,114.87441,0.08806004,1805.7524,176.05714,0.28189772,1809.417,130.77023,0.58926004,1895.3534,113.56905,0.4345939
706,101.91806,188.63068,0.2079492,79.87787,185.3144,0.12911232,1740.102,115.26867,0.09176807,1804.6677,175.90239,0.30278176,1810.9948,130.73145,0.5834596,1897.6375,111.395355,0.48647672
707,102.1073,188.21043,0.17982551,83.2964,182.83603,0.094095595,1740.3688,114.90518,0.063688286,1809.3639,177.58328,0.26967844,1811.1412,132.32426,0.5151057,1896.038,113.78953,0.4236358
708,102.45804,188.06004,0.21308559,83.092766,183.27457,0.08299061,1740.4493,115.39337,0.09309546,1809.3889,177.36728,0.3801633,1810.7313,130.74911,0.5941184,1899.3387,111.87169,0.42850327
709,101.75047,188.00555,0.18846788,79.45479,185.26065,0.07849858,1740.4441,115.31416,0.07162818,1809.0859,177.9583,0.3293522,1808.3285,133.97202,0.56819767,1898.4313,112.12248,0.43271676
710,101.97362,188.35567,0.1933779,79.43128,185.24104,0.07664324,1740.3893,115.19087,0.05722776,1807.8722,176.9195,0.28827888,1809.7135,131.48051,0.6024737,1895.7191,114.05103,0.43416324
711,102.08804,188.00084,0.2719753,79.0869,185.16959,0.0991424,1740.547,114.78771,0.068360776,1807.7909,174.89044,0.27980775,1810.9879,130.2091,0.5075752,1898.1309,110.65484,0.46960196
712,102.097336,187.81589,0.23735051,108.032684,126.23938,0.07520292,1740.4137,115.15599,0.05685009,1808.4215,177.39432,0.31039232,1809.004,132.96188,0.5275129,1898.0028,111.82319,0.44744366
713,101.92588,187.7779,0.19920972,106.694534,127.23093,0.060483813,1740.5457,114.62235,0.09150658,1803.6555,177.47072,0.26166248,1807.557,134.77083,0.5076658,1898.8713,112.248116,0.4425109
714,102.39144,187.75504,0.18416123,106.52248,127.57901,0.066294365,1741.2404,114.63249,0.06581309,1804.6958,177.61613,0.29042828,1807.5294,132.04858,0.5897917,1898.4957,110.65666,0.45890564
715,102.57295,187.67868,0.11799383,106.52744,127.70324,0.07606619,1741.1908,114.61351,0.051104028,1806.2253,177.7394,0.30301306,1808.0547,131.89435,0.60156256,1899.459,110.30554,0.4998663
716,102.832596,187.663,0.1299569,106.349144,127.98124,0.07333847,1741.444,114.69829,0.06771819,1807.8767,177.28682,0.284016,1808.261,132.37079,0.57485616,1897.9146,111.90487,0.48619825
717,110.47553,138.41225,0.07848178,15.152971,33.422764,0.033993445,1741.436,114.74622,0.06872386,1807.6008,176.89273,0.3213687,1808.9408,133.66621,0.5344315,1899.4124,111.055984,0.44540885
718,103.319695,187.46468,0.14015391,78.292854,186.10802,0.063308954,1741.4745,114.19614,0.046635088,1810.3092,175.88998,0.27368963,1808.6259,133.07332,0.54457265,1899.6654,111.01816,0.45473891
719,102.63278,187.26863,0.105721526,88.94297,183.16933,0.041693468,1741.2638,114.23601,0.058646776,1812.382,178.40398,0.32629955,1813.648,133.28822,0.54729635,1899.1971,112.01827,0.46217057
720,103.220856,187.7812,0.118441865,88.420166,183.50014,0.042068247,1741.3898,114.48541,0.06393938,1814.2057,177.6029,0.2704968,1812.7072,133.6713,0.5176806,1897.7349,109.46076,0.49174652
721,103.28429,187.84552,0.13202427,106.58822,129.32587,0.05644849,1740.67,114.58208,0.06310572,1805.847,176.94308,0.25616303,1811.8645,133.52817,0.54475844,1898.7257,110.37885,0.47526333
722,103.626526,187.81186,0.19815439,80.39075,185.82066,0.06523231,1740.8726,114.690544,0.075247385,1805.561,177.54817,0.2964189,1814.2964,133.42174,0.49098584,1898.6222,111.7335,0.46665308
723,103.43259,187.69998,0.24493533,80.97476,185.06735,0.08239643,73.59725,181.3042,0.05976718,1809.0292,177.01508,0.31352913,1813.4012,134.56084,0.44147623,1899.6664,110.19979,0.4834896
724,103.1627,187.73181,0.15370315,80.44865,184.49617,0.05556855,1741.3115,114.48658,0.060265724,1812.9647,177.59038,0.31364045,1814.5201,134.83588,0.48012,1899.6488,111.53561,0.46325034
725,103.56042,187.61542,0.15456465,78.53993,185.64923,0.046719197,1741.3828,114.13354,0.05005952,1830.2087,180.69106,0.20253702,1820.5459,133.23732,0.5105274,1898.511,112.406715,0.45278046
726,102.74603,187.69156,0.16635102,78.271935,185.55577,0.06480379,1741.4596,114.13187,0.07358119,1804.03,174.9792,0.2738045,1813.1556,133.26837,0.5113275,1899.5131,112.57357,0.4302348
727,102.54903,187.0871,0.12603326,15.555473,33.190952,0.04966835,1741.1016,114.24415,0.0665264,1823.6432,178.78174,0.22906762,1814.6582,131.50716,0.5552498,1897.0117,110.20423,0.4497793
728,102.902794,187.60995,0.11504668,15.503217,33.290928,0.050131626,1741.3772,114.827156,0.062370624,1822.0487,178.66727,0.2626828,1813.3384,132.55377,0.54158056,1898.5824,114.668076,0.4874635
729,102.787254,187.03317,0.10633182,15.160372,32.980095,0.03810021,1741.7661,114.71494,0.07516734,1854.2928,181.97606,0.2883445,1814.0841,131.12999,0.5394243,1898.7103,115.5794,0.4861748
730,102.543335,187.22218,0.09335405,16.227642,33.081764,0.049753536,1742.0704,114.92991,0.08006528,1803.8142,175.66252,0.29386973,1813.1986,131.00322,0.53980607,1898.1129,114.892265,0.45554748
731,102.73095,187.1007,0.07368761,15.292229,33.64817,0.04871373,1742.2594,114.950195,0.07022246,1807.8099,177.53557,0.3322192,1808.9312,133.37883,0.55146444,1901.1178,110.31005,0.4637334
732,103.002426,186.93976,0.13023199,15.589991,32.797745,0.04098285,1742.1863,115.158264,0.055432674,1808.151,177.23955,0.33456326,1808.481,133.04764,0.5314274,1900.5126,111.316376,0.45468697
733,102.9264,187.00903,0.15836945,76.57414,185.1291,0.066023715,1742.2253,114.82533,0.054825608,1808.8948,176.60628,0.3842919,1814.0874,133.12695,0.51263547,1898.8876,111.67006,0.48225734
734,103.08145,187.12741,0.14727268,77.66895,185.65007,0.04283103,1742.2627,114.715614,0.051910795,1807.4987,176.58478,0.24513535,1819.3116,134.45107,0.50047404,1898.9146,115.27607,0.4545369
735,102.75361,186.95262,0.16201836,76.6973,185.51172,0.059241176,1742.7102,115.00125,0.050163522,1803.684,175.34251,0.32493454,1813.43,133.5941,0.50924975,1900.4088,112.04764,0.46361583
736,102.99066,187.32466,0.16103068,76.14567,186.07443,0.052947294,1742.9521,115.07665,0.0531586,1801.454,175.60184,0.32743824,1813.1707,133.3016,0.48709863,1896.1759,113.489494,0.47606084
737,103.21811,187.31213,0.13307026,1849.0709,90.717125,0.045297675,1743.1016,114.89624,0.054929752,1804.9374,177.02153,0.29613096,1814.108,134.18553,0.47401735,1895.9188,113.38316,0.47991323
738,103.19164,187.21086,0.18218091,75.85073,185.23495,0.053817187,1742.8323,114.98967,0.051717654,1810.0579,178.39984,0.31876436,1814.1619,133.85054,0.50626963,1899.0925,112.015564,0.48132682
739,103.34957,187.5731,0.13285008,1848.5096,90.56791,0.040162228,1742.8129,114.82469,0.052090924,1808.1521,178.2817,0.3409888,1814.0054,133.36424,0.54656136,1898.4725,112.460655,0.4779458
740,103.24523,187.85028,0.15729113,1818.2278,95.69658,0.052185826,1742.9717,115.08949,0.047321934,1810.116,177.61002,0.28664967,1820.2401,134.97523,0.555423,1898.6635,115.0794,0.4654772
741,103.02577,187.67505,0.18134074,74.75536,185.38396,0.08677277,1742.6168,114.606606,0.054263763,1805.812,177.32533,0.2548068,1819.9712,134.77475,0.51092297,1899.2017,112.62727,0.4656309
742,103.266975,187.81975,0.15957949,74.783455,185.313,0.06745191,1742.6726,114.56224,0.04719918,1813.3186,178.67838,0.29310656,1821.7552,135.00049,0.593355,1899.3407,112.15776,0.508063
743,103.672195,187.96994,0.1859768,74.30045,185.27463,0.115568,1742.4814,114.48787,0.044541534,1814.167,178.8933,0.25227606,1818.7921,134.51337,0.5556819,1897.3575,115.853096,0.4530463
744,103.79228,188.3271,0.2668186,74.35707,185.17506,0.1473791,1742.4862,114.686424,0.039834768,1814.0643,179.18948,0.2929774,1819.143,136.26245,0.50023466,1897.6263,116.42966,0.46132663
745,103.845894,189.07509,0.25768054,75.70862,186.26883,0.16308601,74.0378,184.8318,0.073148675,1828.8464,181.84421,0.22579175,1820.224,135.28922,0.6038195,1895.7024,114.45964,0.45493618
746,104.03418,188.76286,0.2996146,76.02498,186.0507,0.13393116,1742.7183,115.023384,0.053371627,1812.508,178.3411,0.28478986,1820.963,135.37605,0.5674867,1896.3687,113.92999,0.4734572
747,103.93552,188.66965,0.29798505,76.41411,185.29497,0.07855666,1743.0765,115.13734,0.046692736,1807.7035,177.90414,0.22459432,1815.0294,135.21303,0.5051869,1897.9321,114.831924,0.46987978
748,103.99456,188.89877,0.26358414,76.57644,186.03871,0.09804426,1742.8285,115.4618,0.051836267,1808.2738,178.48444,0.25743043,1815.4966,135.73653,0.52130526,1896.2662,113.84682,0.46944013
749,103.25195,188.5764,0.22061323,75.97472,184.98843,0.077094264,1742.9833,115.36463,0.044169676,1808.7537,179.1417,0.34243244,1814.6244,135.38727,0.5069917,1896.3489,114.231155,0.4749
750,103.43064,188.77072,0.1900616,76.43469,185.5843,0.06421344,1743.1075,115.35901,0.046108436,1807.6072,178.58026,0.23700559,1816.3757,134.50531,0.538064,1895.4781,113.483055,0.49588603
751,103.11236,188.9063,0.19847564,76.025925,185.9055,0.06231165,1743.7631,115.6975,0.06092184,1809.4814,176.59409,0.33898684,1814.8419,134.06644,0.5317165,1897.553,115.93701,0.47898355
752,102.48366,189.08804,0.1781482,80.1291,182.81956,0.043605898,1743.7377,115.455,0.034639906,1807.1935,178.96245,0.24944241,1815.2289,135.69902,0.50461626,1897.8387,115.04068,0.48556766
753,102.35965,189.04814,0.21683484,75.724915,184.78496,0.048173845,1743.6416,115.38216,0.032291308,1810.1404,178.35658,0.33497888,1814.7826,135.72421,0.48447806,1898.1108,114.4077,0.49029842
754,102.342735,189.06248,0.24750486,75.106766,184.8006,0.08185827,1843.201,74.89749,0.032037884,1811.6414,178.9689,0.29571703,1814.3998,135.75366,0.5249829,1898.8608,112.41393,0.47627586
755,102.39171,189.27536,0.3155198,74.431786,184.91528,0.1130665,1842.733,74.62885,0.043266624,1805.4773,176.53015,0.2230477,1819.6292,134.8132,0.5284625,1896.0887,114.45055,0.44079226
756,102.58748,189.25476,0.29028115,75.11515,185.13503,0.084602535,1842.7185,74.84134,0.03934398,1811.3762,179.75352,0.2618001,1819.7773,135.71475,0.5610285,1895.0256,113.49428,0.4388401
757,102.35408,189.23187,0.25456482,75.32925,184.87302,0.083163075,1743.6163,115.54835,0.04123303,1812.4978,179.31703,0.32438123,1814.2041,135.33891,0.5646655,1896.2747,114.217026,0.44534126
758,102.168304,189.08353,0.19841814,102.84594,133.15585,0.04943894,1842.8715,74.25257,0.043913797,1811.5321,178.32957,0.34832466,1819.9136,135.00876,0.5459063,1898.0989,116.34376,0.4462764
759,102.16717,188.97984,0.19656418,90.352974,182.10403,0.04244647,1842.9635,74.765396,0.042631898,1811.6567,179.27615,0.34216756,1819.0966,135.7196,0.53229976,1895.8534,115.61178,0.42712918
760,102.08922,188.81415,0.21209663,76.01109,185.10692,0.070589535,1743.6729,115.53033,0.05587322,1810.4492,179.3031,0.30760336,1814.703,136.34114,0.53631055,1897.8497,116.59334,0.4484296
761,101.90187,188.91382,0.17572676,102.63556,132.28108,0.054279752,1743.8898,115.89461,0.05237879,1810.9323,178.99483,0.3570403,1813.6265,135.17496,0.54375905,1898.1895,116.08689,0.48888072
762,101.79881,188.72786,0.1811656,102.86185,129.28221,0.054853577,1743.2112,115.0715,0.046625078,1822.139,180.16025,0.26216573,1813.5125,136.87218,0.52600116,1898.6774,116.17764,0.4717655
763,102.036194,188.46356,0.1627059,75.256424,185.82838,0.04390196,1742.7054,114.68568,0.047055688,1843.3839,182.2712,0.2513124,1819.7878,137.2945,0.54150766,1898.2856,116.177246,0.49436834
764,102.00585,188.74373,0.1594676,103.26874,129.4833,0.051665194,1742.5076,115.67987,0.04818194,1816.3628,179.24709,0.29400057,1819.8757,136.67432,0.53165466,1898.1167,115.39421,0.4678205
765,102.05732,188.92622,0.22060864,103.86641,129.09174,0.08045545,1743.0691,115.53009,0.05122202,1809.6217,178.61096,0.25866905,1819.8322,136.4211,0.5019441,1895.7755,114.547134,0.49899882
766,102.00061,188.71788,0.24093303,103.7074,129.46861,0.054082565,1742.7936,115.081726,0.05573629,1814.7097,179.29807,0.27776283,1818.6359,136.55057,0.5606046,1897.886,117.12591,0.4664153
767,102.11315,188.66907,0.224358,103.80452,129.84268,0.066867046,1743.1089,115.14589,0.047540136,1810.6266,178.27199,0.34373963,1814.9932,135.61363,0.5332362,1898.1671,116.69269,0.48056412
768,101.99728,188.7075,0.23072395,97.82425,129.24861,0.069631,1742.5212,115.312256,0.04688218,1813.0383,178.814,0.30185634,1820.6704,136.30138,0.5799771,1895.3601,115.172646,0.46724877
769,101.66681,188.64001,0.16187146,103.030655,130.58508,0.054110464,1742.3861,115.961296,0.0433682,1844.2609,183.2024,0.23703428,1822.9933,136.36353,0.58043474,1898.6608,115.16914,0.46418068
770,101.67584,188.633,0.21803431,31.950718,60.235897,0.04520009,1742.5331,115.77586,0.0488992,1837.0155,181.43828,0.2761138,1820.7535,138.06119,0.49910066,1898.3916,115.603226,0.46948707
771,101.8913,188.58879,0.1959611,75.73163,185.02005,0.0570673,1742.434,115.52735,0.03982131,1820.939,180.66972,0.2660852,1820.3125,137.51163,0.49786773,1895.6797,115.42975,0.49506763
772,101.8665,188.59258,0.19821784,102.14455,129.78035,0.057994615,1742.1727,115.84119,0.0411377,1816.3289,180.30167,0.29850292,1821.303,138.4848,0.4881573,1898.5544,117.32721,0.50684434
773,101.727875,188.94217,0.17974392,93.23109,139.23041,0.083722085,1741.7439,115.899284,0.035306573,1814.0583,178.89142,0.31208575,1820.775,137.2707,0.44725272,1895.2251,116.04973,0.5004404
774,101.693855,188.73264,0.18635018,94.45984,139.12589,0.06068052,1741.5032,115.76748,0.043004464,1835.9358,182.55502,0.33928984,1821.5958,137.117,0.57407176,1895.1628,116.265495,0.49346167
775,101.664276,188.88647,0.20337455,92.88647,139.39415,0.06345012,1741.9054,115.57834,0.04304298,1815.9769,180.39755,0.37404138,1820.4792,138.09053,0.44287977,1898.2753,117.20403,0.5096722
776,101.2215,188.82137,0.1630572,93.11086,140.31836,0.07413889,1741.9026,115.96133,0.049338266,1814.7961,179.17647,0.33997852,1819.9885,136.72581,0.4435356,1898.6755,116.65524,0.4715312
777,101.55232,188.76979,0.19762343,95.60863,140.12721,0.07762429,1741.677,115.81007,0.04162002,1842.6123,183.71591,0.24270038,1828.3582,139.67491,0.4858046,1898.2859,117.55114,0.4800364
778,101.42363,188.62724,0.21096352,93.091125,140.41077,0.059431028,1741.3313,115.811035,0.050610736,1816.8328,179.85707,0.25965324,1821.3358,140.80447,0.42194977,1900.0945,117.859406,0.46433693
779,101.313576,188.49263,0.19534117,92.61313,139.85805,0.06692317,1741.404,115.751076,0.045751236,1817.2029,179.25714,0.25793514,1821.1188,140.98532,0.42693934,1897.3983,117.05813,0.5019074
780,101.558716,188.55301,0.25730267,92.87377,140.42358,0.06821459,1741.4304,116.5142,0.05552333,1830.4812,181.33064,0.19610646,1821.8612,141.49498,0.49758133,1897.8827,116.80279,0.4945015
781,107.75578,144.10095,0.27940795,92.407936,140.16054,0.122648895,141.28165,60.540337,0.08196845,1823.8666,180.1572,0.22892657,1820.9941,138.12772,0.49758488,1898.2582,116.375015,0.51313686
782,101.67649,188.76453,0.24383457,95.43396,140.41312,0.10121276,140.93158,59.726654,0.09420472,1811.4095,178.52579,0.2884956,1826.8143,135.87714,0.46614575,1897.9626,115.9364,0.48136613
783,108.064705,144.10036,0.28031564,94.652885,139.99763,0.12799501,140.54391,58.6488,0.056436356,1816.5635,180.98256,0.24595305,1828.7809,136.53026,0.53203136,1897.3685,116.30729,0.49599835
784,107.833916,144.5617,0.20328814,92.112724,139.6109,0.12420528,140.5238,58.225285,0.118044615,1821.5681,181.33585,0.16212472,1823.2913,140.5019,0.50810003,1898.9661,115.7374,0.4937133
785,101.69744,188.57115,0.24654415,91.44856,140.22174,0.122617975,140.70422,58.75331,0.11767764,1822.7428,182.40224,0.15955213,1836.0049,139.22221,0.50176805,1898.8479,114.64497,0.4918187
786,101.47089,188.44415,0.22637655,74.72514,184.9617,0.08349085,103.76273,140.89404,0.04535212,1852.1703,165.12671,0.10073006,1828.2423,145.28006,0.4658254,1898.4799,117.08805,0.44757655
787,101.411224,188.74309,0.29787412,74.63036,184.62065,0.10543976,98.441246,143.90425,0.06947983,1850.7252,184.8533,0.120124206,1834.0464,142.7712,0.4613922,1905.4695,116.769646,0.45323727
788,101.44472,188.7008,0.26379552,74.94451,184.67786,0.066375375,98.22777,140.57996,0.041640732,1851.1176,180.84262,0.10435948,1828.3358,145.31041,0.5247199,1898.93,117.120384,0.4774743
789,101.36564,188.8364,0.18560788,79.99893,182.95341,0.063024364,98.51732,144.7779,0.053645507,1837.8103,184.44795,0.10236904,1837.6956,143.48727,0.5555512,1899.2961,116.89107,0.46751228
790,101.39871,188.09612,0.17838629,93.73643,140.35332,0.055397946,97.97716,140.44008,0.031109508,1852.4385,182.40494,0.10623146,1837.0828,144.13712,0.64325184,1903.3779,115.81305,0.46697983
791,101.0553,188.47726,0.1763154,84.53649,181.57764,0.06270098,108.98943,143.5747,0.06900619,1851.7627,181.2682,0.08445552,1835.0927,146.43648,0.5666198,1899.2506,117.38322,0.45271942
792,101.361946,188.91367,0.20833384,76.44416,184.79208,0.082665585,99.42734,144.76813,0.07349657,1853.0211,188.1954,0.092168145,1836.0063,145.2831,0.5874765,1904.9402,116.70566,0.43149698
793,101.652466,188.60498,0.18914402,79.492935,182.63698,0.046384603,1730.297,130.68007,0.07304904,1854.0455,187.97305,0.098048225,1836.339,146.3529,0.6015829,1904.1138,116.75041,0.43907815
794,101.61493,188.45233,0.18852553,79.391975,182.70844,0.047935203,1731.1715,130.94365,0.09026794,1852.9838,189.05545,0.12101003,1835.8463,147.03448,0.5832095,1903.0818,115.59648,0.45964885
795,101.79281,188.09311,0.22925872,75.79896,185.07657,0.05822708,1730.3588,130.95335,0.085528545,1853.3564,189.68993,0.07567959,1836.1216,147.00604,0.6160822,1902.3335,113.66676,0.47113594
796,101.546555,188.1425,0.21797572,76.15758,185.34213,0.06848746,1729.531,130.62056,0.07962046,1851.8699,192.92189,0.09780228,1836.6663,149.29944,0.66316336,1902.2268,114.85538,0.43835813
797,101.65974,189.06784,0.30795005,77.33383,185.40616,0.1438198,1729.2229,130.45319,0.07832056,1852.2821,182.28638,0.059630826,1836.4542,149.36649,0.63546807,1898.3671,116.64887,0.48615116
798,101.730255,188.65207,0.24939533,76.384575,185.22649,0.1283475,1727.446,130.54657,0.06617057,1906.7203,201.1084,0.054935507,1837.5944,147.72818,0.6552312,1898.9738,114.09118,0.5135431
799,101.42447,188.45862,0.20949747,76.52691,184.45164,0.0854192,1727.1631,131.0529,0.059351478,1852.7843,195.64427,0.06970468,1835.5984,146.04794,0.63477296,1898.8267,113.9765,0.5782631
800,101.60253,188.74057,0.21289396,76.16796,185.3855,0.09513115,1727.4915,131.44766,0.04017466,1852.8402,193.57976,0.06583569,1837.7305,149.19904,0.62870675,1897.345,110.12186,0.54115367
801,101.24356,188.7406,0.17166767,93.050865,139.26309,0.05946535,1812.4437,72.906075,0.041051917,1860.7341,196.13963,0.056829292,1837.8245,144.84578,0.5966316,1895.6576,108.58533,0.6512337
802,101.329384,188.47746,0.1216443,93.00674,138.8066,0.055068433,1813.0745,72.91815,0.05297312,1860.0432,188.70149,0.057700515,1838.5238,144.23799,0.587377,1894.0931,109.32473,0.5294019
803,101.469666,188.64087,0.211534,75.25148,185.84984,0.07635328,1811.9823,71.662895,0.024906978,1852.6807,194.00638,0.07298985,1835.4963,144.93251,0.6365547,1894.8484,114.53104,0.5334664
804,101.73831,188.64856,0.21714288,75.93083,185.99638,0.077238016,75.95009,185.28549,0.024923103,1853.8821,194.69249,0.08916889,1835.4927,145.0615,0.65576017,1892.6029,113.75366,0.5672464
805,101.77016,188.69615,0.24422072,75.76077,185.5632,0.108426675,1808.5082,69.14531,0.04727085,1853.1428,195.90846,0.06530472,1835.5824,147.1965,0.605419,1893.0818,113.88512,0.54431564
806,101.40715,188.65068,0.21763521,75.99499,185.4197,0.07938708,75.555374,184.96883,0.03256697,1845.9116,182.11266,0.059577283,1834.9647,144.195,0.58566326,1890.9432,113.04576,0.5554965
807,101.838844,188.68503,0.23694226,76.42032,185.099,0.07355247,1797.4131,72.45749,0.024991393,1845.2437,188.48756,0.09306044,1831.5261,144.10287,0.64375275,1890.9146,112.48462,0.60413545
808,101.82042,188.68695,0.20945352,76.00267,186.37004,0.10794803,74.92756,185.37563,0.028586222,1852.417,188.48912,0.07924312,1831.4368,144.31538,0.5710842,1890.2943,111.678986,0.57050574
809,101.68832,188.65553,0.2170938,75.32079,185.52892,0.07273892,97.60931,140.01822,0.023358857,1844.8608,188.49008,0.06900174,1836.7914,138.24121,0.5465683,1890.2252,112.08599,0.6258718
810,101.66844,188.4467,0.23145159,75.125145,185.63335,0.0806749,1564.2971,134.41922,0.022172643,65.28399,119.96932,0.07785159,1828.916,143.94624,0.566506,1888.6112,114.25634,0.5844848
811,101.59816,188.48044,0.2163798,75.710526,185.39084,0.109463945,97.91393,140.39449,0.027468655,1852.251,188.88954,0.08593562,1827.8331,145.78986,0.5627166,1887.5038,116.48077,0.6639725
812,101.38865,188.38927,0.15245046,76.077065,186.13333,0.072535,99.11875,140.23279,0.027770832,1858.9437,192.9947,0.08849537,1827.9741,145.45412,0.6026406,1887.6859,116.434326,0.6357556
813,101.400055,188.28181,0.13304491,75.72593,185.42982,0.042595256,1553.0887,131.94017,0.023518609,1844.721,188.03958,0.06988994,1826.3761,146.12595,0.56742114,1886.1849,119.42055,0.5792711
814,101.5671,188.61382,0.124410614,75.82514,185.40158,0.062325764,1918.693,93.34213,0.027412554,1844.075,188.32715,0.07455514,1823.2384,148.79501,0.6410904,1886.4103,119.419266,0.61502755
815,101.67594,188.67355,0.13070372,75.85429,185.78888,0.041590065,1918.4163,94.09708,0.025342286,1847.7896,191.93791,0.105998114,1822.6732,146.30681,0.6628784,1881.1384,118.00052,0.62922156
816,101.55708,188.81854,0.19259794,75.69057,184.86049,0.091976225,1918.2861,94.72477,0.034114126,1849.0814,191.98549,0.10771072,1820.8857,145.53413,0.61466193,1879.5314,118.08946,0.609871
817,101.412155,188.60109,0.12781705,75.46156,185.73798,0.059463143,1918.0908,95.75618,0.03847456,1849.9866,192.6132,0.10014728,1819.0236,145.01135,0.62369376,1874.6006,119.652,0.59332657
818,101.11758,188.74281,0.10379158,85.30061,180.78433,0.053913433,1917.8022,95.79451,0.037944034,1850.3182,191.28859,0.09051089,1818.7549,145.72185,0.59797215,1873.8787,120.04959,0.5665589
819,101.18407,188.49461,0.15149769,75.077065,185.77782,0.07914825,1918.5259,99.840836,0.028103264,1835.4958,187.88324,0.08263234,1812.6769,148.48119,0.6313777,1892.5032,126.28575,0.56815374
820,101.11564,188.5339,0.12419419,80.69947,182.45389,0.053302143,99.28668,144.93558,0.041893378,1829.2788,188.23792,0.10212225,1813.0404,147.81369,0.6461133,1890.5009,125.93354,0.6183382
821,100.7812,188.73454,0.17939454,76.65008,185.9054,0.06965494,100.86885,142.08525,0.07204979,1828.8129,187.07281,0.087973736,1810.6915,148.70418,0.62452585,1890.1278,125.949,0.5959824
822,100.89343,188.87231,0.11216918,80.541245,183.01108,0.061818898,99.56376,144.80173,0.06385917,1843.0474,187.52998,0.10565392,1809.9658,148.18387,0.6365037,1890.7253,127.669014,0.5367634
823,100.775955,189.30634,0.121524766,75.63509,185.85468,0.07299635,100.72701,144.7221,0.07366008,1835.0526,192.08846,0.10065148,1808.7958,145.93463,0.63005704,1873.9294,125.92633,0.5314878
824,100.650734,189.13594,0.09772357,75.66861,186.09903,0.06437392,100.70679,145.28247,0.07265508,1836.4067,187.83084,0.09646769,1807.3014,145.64445,0.6327262,1873.1987,126.301674,0.5674655
825,100.71214,188.51566,0.049817115,1849.4906,91.40105,0.039772667,99.85071,145.13167,0.050904978,1835.1945,187.7952,0.09456229,1803.287,146.57469,0.6334497,1872.6036,125.1408,0.57690525
826,100.39575,188.62122,0.04748587,1850.4493,90.955696,0.04473801,99.65527,145.07391,0.042978108,1827.9182,188.27516,0.10400677,1803.4951,148.39638,0.5964158,1887.7977,129.98152,0.55682933
827,100.73192,188.31432,0.088816054,79.74088,183.21352,0.05528257,97.61198,142.09659,0.03673195,1827.6637,188.10382,0.11039503,1795.7773,148.81412,0.5731044,1881.4895,128.85808,0.56767523
828,100.67138,188.38216,0.115370475,79.73971,183.38908,0.06561091,98.535995,142.14052,0.041392665,1820.0867,187.42297,0.092786,1794.8942,147.19197,0.61842984,1873.6349,127.27835,0.5722407
829,100.685036,187.91992,0.112605736,80.36216,183.25827,0.067840494,99.77706,144.94211,0.050541483,1826.8494,187.60631,0.10609015,1794.3369,148.45377,0.58915156,1872.9921,126.25583,0.658201
830,100.83674,188.73,0.0906554,80.36089,183.17986,0.0644754,99.42092,145.46695,0.043109674,1814.7135,187.47432,0.10875033,1793.8131,147.47618,0.56873083,1873.299,127.57756,0.5737915
831,100.55795,188.83333,0.11951213,80.645355,182.93822,0.07235808,100.61584,142.18636,0.07222326,1813.6731,186.8997,0.10343308,1793.3202,146.21793,0.54017293,1873.5807,128.37032,0.5929269
832,100.28688,188.00912,0.11148417,80.67052,183.44736,0.078118846,100.22609,142.658,0.08546244,1814.1138,186.90562,0.10921703,1790.6344,147.24371,0.49483296,1874.5981,128.99286,0.6577016
833,100.22333,188.13763,0.13308373,79.76743,185.47493,0.08613758,101.619354,145.4848,0.088100925,1813.661,188.5131,0.10550857,1789.917,147.70166,0.5286299,1873.4939,128.52805,0.72453886
834,100.25693,188.34993,0.13696039,84.20194,182.79033,0.099817306,101.27158,145.68015,0.0943698,1819.889,186.67879,0.10183476,1792.1102,145.38292,0.495759,1872.2896,128.2676,0.7254376
835,99.984886,188.21068,0.09387067,80.28249,183.42519,0.064089395,100.535034,145.65227,0.07757601,1813.267,186.67686,0.13285652,1787.3381,145.03563,0.44397092,1868.9487,127.29166,0.7655611
836,100.01446,188.7407,0.20864582,84.96272,182.56654,0.15629932,108.77822,144.3049,0.19408394,1810.2625,187.5598,0.14125764,1787.156,146.46779,0.47788212,1871.3759,129.08604,0.78254557
837,100.226906,188.30136,0.13084139,84.987595,181.67267,0.09403908,101.2723,144.4679,0.09873504,1811.2946,187.72496,0.12497431,1786.189,146.96126,0.53171223,1870.1044,129.47531,0.6634841
838,100.25356,188.07979,0.12897055,75.16602,186.23051,0.104910634,99.781685,145.16795,0.08222993,1811.0596,187.26915,0.12483364,1785.3777,145.99133,0.5160969,1868.2844,129.12933,0.66297287
839,100.21713,188.06024,0.10296782,75.6048,186.7574,0.119864285,100.19985,145.8614,0.06507565,1811.3507,186.70267,0.11956081,1778.6703,147.35423,0.4758813,1866.0426,130.17766,0.7202492
840,100.17216,188.3525,0.121016145,75.72414,186.23177,0.13397081,100.31241,145.30908,0.08278042,1809.9446,186.28822,0.11838494,1778.145,146.8063,0.4409548,1869.7896,132.16556,0.6858297
841,100.23976,188.48727,0.10066117,75.89117,186.3704,0.10164509,100.13756,145.32593,0.07704036,1804.5461,187.03395,0.11613324,1776.3207,147.3118,0.55230874,1867.1771,132.19731,0.666564
842,100.09365,189.07378,0.091038935,86.22905,181.69415,0.08628782,106.95847,144.2677,0.112566605,1797.7743,187.03484,0.1252766,1773.3055,147.85333,0.5535976,1867.0238,132.37163,0.6324799
843,99.951416,188.76225,0.13823053,85.177284,182.48338,0.13843346,108.35721,144.77101,0.16331285,1798.0045,187.86005,0.1168845,1776.622,145.60965,0.546565,1862.019,131.56384,0.6666635
844,100.118965,188.82617,0.14217634,85.28935,181.95963,0.11754725,109.273476,144.16125,0.13300985,1796.6066,188.15541,0.11856979,1769.6487,144.82121,0.5499324,1861.6884,132.80978,0.6453631
845,100.41307,188.85262,0.14529406,85.277824,181.16597,0.10109231,100.829796,144.78322,0.087989055,1796.3026,187.29036,0.15622613,1763.2926,146.89165,0.537505,1856.0028,131.2869,0.69611967
846,100.51376,188.55084,0.14272036,76.320145,185.41911,0.12166745,99.229034,144.58597,0.08559879,1794.2697,186.98233,0.1633619,1767.2716,142.64302,0.53576344,1855.1461,130.10678,0.5774162
847,100.54864,188.76196,0.1632115,76.87861,185.33316,0.122178435,101.6681,145.0294,0.098600894,1794.9049,187.0428,0.15923814,1764.2347,144.59898,0.5192819,1853.3654,130.9015,0.6066879
848,100.27106,188.73422,0.1514411,85.149,180.98253,0.094985105,101.565506,144.45894,0.10021949,1795.6095,186.71733,0.16031758,1761.7745,144.58992,0.47509262,1851.0028,130.85248,0.56609166
849,100.317,188.98105,0.09509553,80.136696,181.8416,0.059844412,98.51084,144.86572,0.07076686,1795.0178,187.15363,0.13716125,1759.378,143.39641,0.47814077,1838.9121,128.67943,0.49413276
850,99.97359,187.92236,0.049235895,80.506165,181.9001,0.055847824,1913.1177,119.4802,0.05097642,1794.2496,185.97543,0.15243003,1758.8632,140.51146,0.5090385,1852.5652,133.32567,0.48797432
851,99.951416,187.85739,0.075202286,80.41593,181.65672,0.061707154,1913.0876,120.80613,0.07333017,1793.6018,185.76328,0.15921135,1754.5828,140.80531,0.53968996,1838.21,129.30402,0.48846462
852,99.7299,188.7795,0.052031532,85.392815,180.11569,0.06062266,99.66827,144.91335,0.06814685,1794.6931,186.5889,0.120092794,1749.0294,143.85548,0.5170865,1838.2733,129.76614,0.5178269
853,99.48277,189.30719,0.07853455,81.362885,182.50995,0.076904975,99.88359,144.85048,0.081805766,1780.5995,186.65565,0.1276329,1753.6583,140.27756,0.54458755,1823.8323,124.48349,0.39717397
854,99.61518,188.44478,0.06487818,80.41172,182.38612,0.07218603,1915.9758,118.68152,0.040427532,1787.8148,185.84921,0.1043699,1748.4049,141.69077,0.51514524,1837.171,130.93106,0.4365189
855,99.72773,189.16841,0.15663603,76.00379,184.61804,0.15858096,100.66087,144.05898,0.08447322,1794.442,186.03154,0.1276321,1746.5127,139.8583,0.48795244,1836.6709,132.15054,0.4359457
856,100.050285,188.53209,0.09059344,75.34215,185.42212,0.059099145,97.45612,144.2677,0.057058547,1779.4213,185.9207,0.12518747,1742.1056,139.19139,0.5899426,1836.5786,132.97572,0.5146647
857,100.099754,188.60167,0.05566883,80.765945,181.65297,0.040207494,1914.2472,123.95543,0.03975336,1771.7389,185.9377,0.13491657,1739.0134,138.88023,0.645222,1835.7611,132.61955,0.5065261
858,99.723755,188.55978,0.04532183,86.70068,178.94603,0.029170252,1909.1406,123.82324,0.051219985,1772.0217,185.80708,0.1095964,1738.3158,137.95793,0.6073718,1820.875,127.63513,0.50217366
859,99.850105,188.49512,0.05540376,93.15417,141.1763,0.035791013,1905.1375,128.2957,0.14004411,1779.2034,186.28221,0.106440164,1733.9402,138.55138,0.5765128,1813.4021,127.246056,0.5203446
860,100.07502,188.45737,0.041801896,93.53228,140.91006,0.03725051,1901.8025,125.82008,0.100866094,1778.5381,186.29346,0.12445904,1730.767,139.21948,0.6083841,1819.7751,130.18718,0.4839111
861,99.92431,188.22073,0.035970546,93.791115,140.07129,0.03290839,1899.5885,125.26453,0.0919563,1777.306,185.60014,0.12686275,1728.7035,136.71207,0.5910199,1819.5718,130.73547,0.4935134
862,99.887665,188.32607,0.050663088,1754.6322,90.59715,0.041688565,1898.023,126.02716,0.11118066,1754.8293,185.8774,0.112384506,1725.6947,137.42175,0.54147714,1822.8186,132.3504,0.5228563
863,100.14767,188.8942,0.06539677,1753.8094,89.92714,0.033315383,1746.3774,75.34794,0.051191412,1756.8593,186.4377,0.13393565,1728.8627,136.8312,0.57907087,1805.4044,125.45829,0.5601811
864,99.933365,188.67122,0.054867286,1753.0918,89.75784,0.048353598,98.25387,141.6544,0.059709124,1748.4324,185.50354,0.145663,1725.7078,133.318,0.5949947,1804.8545,124.53025,0.51335377
865,99.92291,188.36008,0.039102614,1912.1617,145.25414,0.04189747,1888.8336,130.12773,0.26824424,1755.2355,185.43654,0.11618468,1719.0701,138.03627,0.5360086,1804.573,124.43248,0.5973024
866,100.09098,187.6837,0.06175861,1912.6339,147.23064,0.13539706,1886.1146,130.16988,0.5401726,1739.1334,184.49829,0.14491063,1716.4315,135.2612,0.51411265,1796.9501,123.07039,0.5801868
867,101.488464,188.55585,0.109914586,1902.1678,141.50845,0.061458535,1883.8276,130.15431,0.19293287,1736.541,185.81288,0.25048783,1716.7917,134.31667,0.5755211,1796.5792,124.18505,0.6271881
868,100.07526,187.98482,0.06808942,1736.9266,90.27608,0.037710108,1885.8866,135.48883,0.11682506,1735.7407,185.90619,0.20119707,1714.805,133.57983,0.6275309,1782.264,118.3527,0.5434123
869,100.90611,188.501,0.09347166,91.24409,180.74721,0.04345227,99.264206,144.76004,0.075517364,1734.6359,185.17546,0.15182455,1710.9465,133.01114,0.6006959,1787.0787,122.83713,0.5468409
870,100.93339,188.73334,0.10547628,85.9554,180.39691,0.056803294,105.021576,143.35684,0.11961513,1733.1759,185.53189,0.18304671,1708.7009,133.23183,0.5568861,1787.4078,124.090904,0.5657459
871,100.282,187.34097,0.06636615,80.20187,180.92906,0.041340467,1877.8131,140.19989,0.17786612,1738.8108,185.71588,0.16559397,1708.2725,130.82648,0.58016634,1786.6587,124.557884,0.62175584
872,100.05858,188.01862,0.075515814,80.286644,180.48096,0.047353175,1876.1798,146.72272,0.08611201,1733.1737,185.64104,0.15228732,1706.7292,129.3111,0.5317431,1779.4886,123.812164,0.54880226
873,101.112976,188.34787,0.07557466,80.42242,180.58951,0.042051427,1874.3934,150.04231,0.1013436,1732.365,185.5442,0.22762154,1705.4216,125.34145,0.56454533,1767.3628,116.55113,0.5680419
874,100.769745,188.55241,0.06673043,1900.4868,159.55907,0.08573887,1872.3239,151.45781,0.24619877,1733.4922,185.67566,0.13933717,1699.715,133.22491,0.55573905,1766.4656,117.23212,0.58827937
875,100.73999,188.80942,0.08719723,1900.273,159.7906,0.062928155,1871.566,154.13663,0.28429863,1734.2587,186.42032,0.23351504,1698.0587,131.62247,0.63127285,1767.189,116.60685,0.5855844
876,100.564,188.61546,0.08973317,80.59443,180.77393,0.04550055,1868.589,155.75943,0.21718985,1732.7836,185.69978,0.20303921,1694.6805,131.21884,0.61470807,1766.4161,116.98928,0.59427685
877,100.54503,188.559,0.054068323,1881.4965,159.60588,0.06134099,1864.5372,157.98862,0.19365017,1732.1334,185.33348,0.18692183,1689.7477,131.95381,0.53439206,1765.2856,114.996925,0.6393962
878,100.582245,188.11139,0.057684757,1886.655,167.24599,0.08131903,1862.3608,160.8058,0.2889349,1731.9124,186.51042,0.23519355,1689.5688,130.64575,0.5325046,1762.8209,115.133705,0.6040215
879,1917.6458,168.88918,0.055822533,1890.3718,166.59467,0.2214397,1859.6339,162.94221,0.55039555,1731.3395,186.09674,0.18050875,1689.7863,128.0827,0.50793207,1763.3793,116.144196,0.57120657
880,101.20142,188.70346,0.0809389,80.47316,180.87839,0.042216063,1856.3811,162.62408,0.33803916,1732.2794,185.1455,0.18203233,1686.9777,126.25051,0.5510735,1761.885,115.51066,0.5425711
881,100.1838,188.36002,0.07839607,1869.8132,168.46342,0.057973523,1853.6464,164.59348,0.29849407,1732.0719,185.19626,0.20525838,1686.4202,125.25882,0.56956196,1763.59,116.561966,0.52663374
882,100.33721,188.17412,0.068851486,1870.0566,167.68768,0.0705342,1850.14,164.16316,0.17440237,1731.703,185.8381,0.27240598,1684.5775,125.6915,0.5832514,1756.7318,116.59931,0.5085662
883,100.369125,188.198,0.07740868,1879.366,159.51923,0.037870713,1846.0996,163.52043,0.18398087,1730.7135,185.55441,0.18165852,1682.549,126.044876,0.6064459,1757.2621,118.83324,0.5240207
884,100.38204,188.24733,0.080450036,1871.6011,164.4516,0.05051898,1845.0349,162.95093,0.26612544,1731.2202,185.21892,0.21006534,1681.357,126.561584,0.57070273,1742.2246,107.86483,0.5361562
885,100.90537,188.93454,0.05957769,1880.0475,158.31364,0.032746136,1841.5538,164.04277,0.2944028,1731.1956,184.62401,0.28412896,1679.7421,127.16381,0.58536273,1768.7632,125.61618,0.50286907
886,100.84668,188.73843,0.040133223,1886.1857,155.24704,0.06960261,1838.4546,164.10104,0.33928236,1731.4991,184.90561,0.18481378,1679.1564,124.04299,0.5266312,1767.0895,124.399864,0.52346087
887,100.920815,187.94304,0.043890417,1856.2985,169.96873,0.08450077,1833.9596,163.14436,0.39283273,1719.3822,184.32124,0.18270616,1678.8146,122.25166,0.5338436,1767.5079,126.128426,0.5247736
888,1699.3744,125.371376,0.037761785,1704.6862,76.68983,0.038526677,1831.4465,162.30421,0.14214182,1718.624,184.69756,0.16460016,1671.3849,125.03926,0.49599144,1754.8324,120.240875,0.49994454
889,100.30883,188.29787,0.044084717,1876.3517,155.92857,0.046179388,1829.6405,162.45454,0.23790552,89.05354,128.10982,0.28703147,1668.2556,127.87897,0.5289945,1754.426,116.06698,0.51353204
890,1903.3557,154.28535,0.03174707,1880.0607,147.5374,0.06559149,1826.261,162.61215,0.18516658,1717.5298,185.11288,0.2410851,1668.0271,128.15457,0.56510097,1754.7389,118.21552,0.48393488
891,1902.2759,153.92686,0.03898782,1878.8348,147.06451,0.048885856,1824.1519,147.56323,0.049141787,1725.9646,184.19608,0.2550979,1669.4207,124.41313,0.58781856,1733.6368,108.37865,0.50168526
892,1894.0023,149.75146,0.10131,1862.8422,162.85956,0.051492985,1821.195,162.95978,0.18225332,1731.9409,185.63072,0.14031895,1670.2642,122.485344,0.6285989,1732.6444,107.15501,0.525036
893,1892.3257,149.08948,0.11746751,1868.1447,154.19365,0.0723965,1819.0476,162.70128,0.28285363,1717.9055,184.37444,0.14989029,1669.8533,123.10902,0.5741945,1732.8594,106.146484,0.5522449
894,1888.4104,147.75955,0.0397783,1817.9126,161.57976,0.04495962,1816.4104,162.838,0.13975863,89.59923,128.87476,0.17378893,1668.8455,122.96953,0.5420934,1729.6562,105.139725,0.6014303
895,1888.3975,150.0749,0.14247371,1856.4592,158.42183,0.08012788,1813.6216,163.43126,0.32094762,1719.0293,184.59183,0.16436954,1669.4005,122.30721,0.51096183,1728.1478,104.74126,0.63367784
896,1884.3936,150.48128,0.14386478,1859.0564,156.0234,0.083950825,1812.5371,164.12885,0.27629936,1718.853,183.83698,0.19186431,1668.4725,121.23643,0.52606463,1728.0105,105.68434,0.65677893
897,1883.2021,150.65176,0.061838455,1860.0737,152.6328,0.0481102,1809.8208,164.86987,0.17039596,1740.3322,190.47742,0.10265813,1667.3638,118.90347,0.6351883,1727.1237,104.30358,0.68408906
898,1876.9847,152.24635,0.08105938,1853.3801,156.25594,0.09619975,1807.4205,165.5914,0.18646441,89.294586,128.00648,0.17258754,1665.2749,119.10311,0.54226863,1728.5614,104.83781,0.62986565
899,1874.6289,151.45428,0.092707135,1864.5647,159.9489,0.051732324,1804.7357,165.82948,0.15290359,1703.639,184.25517,0.10670626,1667.8793,117.82263,0.6005494,1725.905,103.88557,0.65620947
900,1873.8367,151.3578,0.092378065,1864.5552,160.06395,0.047294334,1802.0846,166.64867,0.10532756,1739.93,190.72401,0.10566671,1664.5363,117.69397,0.5863647,1725.4128,104.42237,0.63268065
901,1870.9836,151.08267,0.052789353,15.7853155,50.790253,0.041412182,1797.3254,167.92888,0.08239058,1733.6462,190.52719,0.1352548,1664.3673,117.80368,0.6171209,1725.1849,103.92275,0.6858051
902,1866.9894,150.44113,0.04743184,1851.2603,147.85562,0.036663406,1795.1266,167.55086,0.06369791,1732.7306,190.42598,0.14588733,1663.5265,116.952896,0.65136796,1725.1362,104.88241,0.71329224
903,1863.5862,154.47821,0.069474414,1838.0905,160.6079,0.053476833,1793.4554,168.79236,0.071999244,1732.6832,191.33571,0.20337191,1661.2487,117.66985,0.71304834,1725.2358,104.72403,0.71554077
904,1859.7175,149.43611,0.053160805,1829.8871,165.65857,0.065611996,1792.4036,169.78624,0.06852688,1732.7463,191.25871,0.10830927,1660.438,116.76776,0.7440161,1724.5983,104.02013,0.74379027
905,1858.0475,154.5289,0.06705842,1830.2191,166.15526,0.08091137,1789.5756,170.64284,0.16014059,1695.0629,182.50848,0.08138486,1661.952,117.91732,0.70774627,1720.6656,103.20619,0.7366919
906,1855.6293,153.75328,0.06688245,1836.5055,163.09874,0.09831844,1788.3179,170.2973,0.22008355,1733.999,190.5252,0.11266105,1662.1372,117.94508,0.681384,1723.2336,102.37669,0.78111386
907,1854.4551,147.0768,0.047483478,1835.8353,163.96129,0.058603372,1784.557,169.6494,0.057914577,1686.5918,182.4406,0.08084324,1662.1101,117.53785,0.6795596,1722.6945,103.51767,0.81685704
908,1852.7065,148.9447,0.0661911,1807.6322,170.78131,0.08081412,1782.8413,170.95523,0.15194573,1726.0793,189.19418,0.10473255,1663.7461,116.90214,0.67977786,1722.6019,102.42633,0.86659336
909,1848.5922,150.25955,0.058081284,1807.8159,169.70895,0.0946701,1781.4576,170.73016,0.14915562,1720.729,188.66151,0.12687148,1665.0272,114.10384,0.71468085,1719.5184,100.02461,0.86948097
910,1846.7118,150.04361,0.07303704,1816.166,168.86688,0.11928587,1780.8322,170.80013,0.13701181,90.07959,126.83455,0.091973215,1663.5923,115.47114,0.7404723,1718.5885,100.97302,0.90651965
911,1844.2507,157.64116,0.08399598,1813.3606,168.8128,0.099728666,1777.5669,170.46127,0.08732668,1678.6569,182.07536,0.0935577,1663.595,116.86641,0.7464445,1718.2295,99.941605,0.88714147
912,1842.9117,159.20459,0.1333707,1812.5458,168.43887,0.115954906,1775.9032,170.70317,0.117646255,91.154465,128.60762,0.10689946,1663.3665,116.26765,0.7968975,1717.1378,98.92356,0.9227242
913,1840.5549,160.6836,0.1631977,1812.483,168.3878,0.1421804,1774.9106,171.57054,0.17394038,83.57422,125.4167,0.11067832,1662.5294,115.9499,0.7794252,1716.3798,98.47834,0.9163227
914,1838.5592,162.14911,0.09123671,1811.3243,168.01065,0.1626715,1773.0085,172.20891,0.21641593,91.09573,129.05438,0.18278919,1661.5635,115.11611,0.77141726,1716.5963,98.20081,0.9081831
915,1835.4319,163.19792,0.051506333,1809.813,168.12233,0.083184145,1769.5958,172.58006,0.14256771,1678.3264,172.26398,0.08332534,1660.233,115.16004,0.80240667,1715.6063,99.92789,0.87080306
916,1833.9247,162.74295,0.09329634,1806.4084,170.18692,0.16377214,1768.0566,173.06145,0.24786411,1679.1141,178.66222,0.22624554,1661.2166,114.927895,0.8177372,1715.3635,98.6841,0.9144231
917,1832.3096,162.33635,0.08154003,1806.71,169.3674,0.16708617,1766.2114,172.74052,0.2405399,1669.5415,171.6065,0.08853294,1660.8595,114.98593,0.81719255,1715.9484,98.7299,0.90608925
918,1829.8265,145.84502,0.05868978,1797.9503,169.4517,0.10249784,1763.6055,170.88025,0.10167899,1668.58,171.33615,0.09649883,1658.9196,113.99251,0.82533294,1714.9738,97.65168,0.89162725
919,1827.4674,160.34245,0.09172169,1796.0508,169.27121,0.096996106,1761.938,171.26819,0.057430863,1657.6046,175.62567,0.11843827,1656.9932,114.69172,0.81775594,1714.0623,98.470566,0.8492939
920,1826.5514,146.50842,0.048566725,1795.4065,168.35597,0.092719235,1912.0729,67.04883,0.055234488,1661.6218,175.19028,0.25345692,1658.8075,113.915726,0.8773342,1713.1748,98.18346,0.8780408
921,1823.0684,162.49123,0.055037398,1788.235,169.86398,0.0815134,1758.7087,171.44798,0.10334463,1668.8136,170.61636,0.10207658,1658.5695,113.7701,0.8365962,1712.4097,97.54539,0.9098455
922,1909.6019,155.3448,0.10868382,1909.3564,150.03967,0.07739016,1757.7599,170.55986,0.10953216,1657.0687,177.3829,0.1792151,1657.7694,113.27964,0.83719796,1712.0441,98.14978,0.89996904
923,1818.9376,162.8876,0.15792994,1789.4684,169.79362,0.096121036,1753.1449,171.12624,0.11808993,1657.223,178.20532,0.289608,1657.5286,113.19244,0.8239185,1710.9968,97.93033,0.92306113
924,1819.4282,165.37534,0.12249126,1789.558,169.51047,0.123228975,1752.0979,171.54623,0.11769329,1663.3759,177.28773,0.1523182,1655.2737,113.81289,0.8498336,1708.484,96.5011,0.9388873
925,1814.1235,159.16966,0.04873141,1783.4391,168.81436,0.1020106,1751.1692,171.35794,0.0967323,1656.3452,178.019,0.15112214,1654.3221,113.83928,0.9094752,1705.6066,98.11766,0.96080256
926,1812.2104,159.94273,0.10049507,1789.3728,168.12524,0.15091343,1750.144,170.70477,0.17578296,1669.8116,178.15665,0.14542678,1652.4913,113.50378,0.8868042,1705.0385,98.76598,0.97598267
927,1810.4427,159.99115,0.18679874,1780.0728,167.67049,0.09795638,1747.7972,169.42438,0.060209047,1667.9352,174.09196,0.26830083,1653.6658,112.651955,0.8639755,1705.7957,97.07065,0.9617685
928,1809.8547,162.06476,0.112532884,1782.3239,165.66797,0.099191055,1746.7994,170.56024,0.059743803,1675.8954,173.49696,0.22089532,1655.3999,113.57433,0.8566667,1706.4451,98.2023,0.9073948
929,1807.2922,161.31633,0.095785625,1790.0594,156.8869,0.073520176,1746.0233,170.10567,0.044747893,1667.8844,173.52386,0.25597113,1652.4451,113.05048,0.8248527,1704.8429,98.12308,0.8783139
930,1804.8489,161.10858,0.07017461,1788.5624,156.54388,0.07651475,1744.7251,170.29031,0.094131395,1676.0502,174.31944,0.15488614,1651.9539,113.82513,0.84422094,1704.0303,98.77962,0.8883789
931,1802.8263,159.8658,0.12105405,1773.5277,169.20952,0.15651348,1744.2112,171.09944,0.20264867,1667.7909,170.94252,0.10237447,1649.7787,113.95886,0.8161307,1703.7916,99.98752,0.84461963
932,1802.9009,159.08423,0.06394179,1774.2115,167.82231,0.117754616,1742.3585,170.35936,0.1560975,1660.06,174.31203,0.23113278,1647.8748,114.84493,0.81023264,1702.363,98.71486,0.80400246
933,1799.5458,157.41518,0.07354732,1774.1616,167.5281,0.100334354,1739.0526,169.6128,0.102089345,1666.454,175.4174,0.22621985,1647.8395,115.56991,0.8130624,1699.945,100.51295,0.8892689
934,1798.1735,156.39687,0.10042236,1775.4598,164.51068,0.13927476,1740.5804,169.59203,0.16231884,1657.8425,179.81317,0.1659287,1647.5929,115.79381,0.8116879,1699.9158,100.74895,0.88322866
935,1796.5793,154.85913,0.0979331,1774.6974,162.8366,0.1328416,1881.1742,139.36075,0.1946282,1670.2727,177.00577,0.14557967,1644.7733,116.68163,0.7914749,1699.7349,101.25642,0.847483
936,1795.6821,153.79689,0.1253199,1866.4978,162.46475,0.17517616,1878.9841,140.53625,0.39950994,1656.4122,180.81989,0.1558743,1643.9949,116.296486,0.8207899,1699.0505,101.31771,0.8037696
937,1794.6388,152.8913,0.3125751,1865.1635,164.09193,0.21200834,1878.4493,140.13129,0.46162802,1670.0021,178.18248,0.13469934,1643.9746,116.82508,0.8008072,1697.2806,100.88689,0.9114522
938,1792.6747,151.86714,0.44505057,1774.0507,158.95596,0.23704189,1733.7394,166.8358,0.46822616,1657.4298,180.87692,0.16929312,1643.5707,115.92696,0.8136491,1695.8132,99.648506,0.91174126
939,1791.93,151.19916,0.48806575,1774.0995,156.91626,0.26951775,1733.8264,165.3531,0.51003695,1662.9907,178.95285,0.11962385,1643.1425,116.297485,0.82272136,1694.182,99.26594,0.9540262
940,1790.2949,150.2568,0.60231894,1773.0431,155.22249,0.32158762,1732.9144,164.91373,0.6109539,1657.2761,177.68379,0.06698569,1642.178,117.257515,0.78032595,1692.0183,99.56967,0.9397082
941,1789.5023,150.72815,0.44521934,1770.2714,153.97557,0.26062444,1731.9545,163.79623,0.5121573,1664.6239,182.74907,0.10864465,1640.7072,116.85201,0.78388697,1691.6337,98.23161,0.95655
942,1788.6428,148.42453,0.3498444,1769.1655,153.26476,0.2448591,1731.9543,162.77293,0.44426516,1663.0997,179.06374,0.09648482,1640.3503,117.01136,0.742911,1689.3552,99.046745,0.90742975
943,1786.4265,147.41675,0.43131945,1767.9412,152.65616,0.33883756,1729.7103,160.31859,0.53710365,1657.7517,182.10832,0.17181633,1640.6194,117.69319,0.73617506,1685.8169,98.80132,0.90528226
944,1784.6692,146.484,0.40101174,1763.0352,155.64597,0.42564836,1727.6732,159.25696,0.47893327,1664.8751,182.70837,0.06371004,1638.7125,118.72965,0.71592647,1686.8243,100.70067,0.91183037
945,1782.9943,142.57718,0.20957427,1761.3362,152.7198,0.2580827,1725.47,157.44998,0.31956092,1664.0381,183.15372,0.0979228,1637.3132,119.31378,0.72558063,1686.6525,101.95932,0.9115701
946,1783.2367,141.38844,0.17500983,1761.132,152.16422,0.25442713,1726.9869,156.14018,0.36049005,1672.4276,187.42226,0.0690953,1637.8297,120.38151,0.7234456,1686.1603,100.89236,0.90824145
947,1781.26,141.59523,0.17385642,1762.0088,151.25536,0.21179372,1864.0889,124.57883,0.3674481,1634.3142,179.53627,0.06634502,1636.1946,120.64461,0.7320129,1684.2334,102.04349,0.89393294
948,1850.7173,162.21437,0.11533381,1849.5028,151.74023,0.2036782,1863.1605,124.02282,0.50108564,1671.5164,183.517,0.050113123,1636.8695,119.926834,0.73883986,1683.1653,101.70602,0.9464083
949,1849.857,160.5704,0.08538934,1848.617,152.0662,0.16144076,1863.1245,124.38142,0.49233064,1634.3027,178.77116,0.05826645,1635.5631,119.6656,0.7469736,1681.0656,102.99384,0.9434694
950,1776.9219,136.7092,0.10612022,1761.3037,140.06683,0.12858216,1864.5854,122.374954,0.2722198,1634.3618,178.36069,0.054243345,1635.7922,119.77786,0.7277201,1681.4902,101.09814,0.9036485
951,1776.872,135.79655,0.085356265,1760.0793,138.55743,0.07691739,1863.8469,122.36228,0.24901699,1634.8568,179.2311,0.07138089,1635.8535,119.61337,0.7417462,1679.6136,101.30765,0.94712925
952,99.379364,189.08896,0.055726666,1757.1956,137.6446,0.0965248,1863.206,121.152626,0.14242323,91.70083,128.64485,0.09669577,1635.8938,119.699554,0.7337008,1678.8422,101.09062,0.9481972
953,99.27166,189.04239,0.040780768,1758.535,136.1933,0.08889486,1864.6924,119.69206,0.12902866,1672.1042,187.883,0.0742771,1635.7405,121.01032,0.7360227,1678.4948,101.501,0.92825836
954,99.5955,189.97205,0.09606385,1755.8517,135.95665,0.087779306,1713.1494,141.38773,0.13343559,1634.6425,180.28152,0.064664856,1633.6449,121.67082,0.6568734,1674.2507,99.44737,0.91385543
955,100.00022,189.42949,0.062449414,82.10442,183.87634,0.06330459,1866.9406,119.60262,0.09676184,1634.1029,180.46037,0.08278873,1633.4277,122.75984,0.6200637,1674.297,100.835464,0.9324698
956,1776.6428,133.43086,0.04590431,15.953532,50.333557,0.06538887,1867.2191,120.17624,0.110316396,98.98966,131.08548,0.09550886,1633.6711,122.9773,0.59133714,1676.5306,98.94385,0.86603034
957,1769.0721,123.29782,0.035686597,1763.3287,106.74018,0.06131001,1865.4365,118.535545,0.23873998,1677.0098,183.8131,0.07272147,1634.1838,123.47664,0.58923745,1675.2705,98.16078,0.90381503
958,1775.245,133.62129,0.047630124,91.80749,185.10365,0.06792094,1860.5376,117.854965,0.24966152,1648.2288,181.40018,0.07540678,1633.8743,124.23079,0.577887,1674.6003,99.66716,0.87156427
959,99.533806,189.98119,0.058897555,1839.2456,144.03186,0.09690888,1856.3496,116.28493,0.6282706,1675.5983,188.23239,0.0913057,1634.0278,126.10399,0.55569035,1675.6759,102.45623,0.8234763
960,99.31073,189.80339,0.05492831,1835.9707,135.00026,0.124464504,1855.6455,114.089424,0.562494,1648.7289,182.23499,0.07079378,1633.3676,126.39422,0.52206707,1672.0311,100.59221,0.81384224
961,99.66438,189.03783,0.039196566,1834.2906,135.3474,0.177223,1853.297,114.0113,0.6540555,1676.706,188.49821,0.08502364,1631.4135,127.04315,0.43629763,1669.5507,100.326836,0.79204834
962,99.93872,188.96416,0.05304228,1835.4288,132.03107,0.19471204,1852.7365,112.17742,0.4696226,112.785706,109.787384,0.077942856,1631.4453,127.743904,0.40705365,1668.0325,100.62023,0.7767804
963,99.88933,188.90077,0.05008018,1834.3142,133.41278,0.1894518,1851.8574,112.37775,0.4717999,1675.9734,189.00731,0.095584616,1631.0343,128.44252,0.40599272,1666.3496,100.570206,0.76448125
964,1768.6913,118.075424,0.039953593,1834.1611,132.99115,0.17633289,1848.9188,113.47921,0.46870872,1903.7183,67.93036,0.09995587,1631.0236,128.56398,0.40372992,1665.9941,101.89068,0.79041487
965,1768.7402,122.33083,0.08858243,1834.615,132.63031,0.18115081,1847.1953,112.7525,0.4459146,1903.9117,67.59004,0.0990252,1631.8405,130.30197,0.40678838,1668.5594,105.562004,0.71821135
966,1767.5911,119.22578,0.08374207,1834.0668,133.19048,0.19850168,1846.9598,111.8229,0.49606836,1903.5162,67.62737,0.1231435,1630.8097,129.81662,0.39877492,1666.1583,103.1516,0.73249114
967,1836.9503,142.58707,0.09567512,1833.6467,134.50461,0.23064342,1845.3323,111.13714,0.61966324,1903.715,67.94156,0.14483316,1630.8638,130.55446,0.3650469,1666.1163,102.66003,0.67347634
968,1837.5295,142.84767,0.084210515,1835.0619,135.25833,0.19755055,1844.7224,111.083,0.66600835,1910.5034,73.48363,0.11411823,1632.0988,129.60326,0.41940305,1666.5815,102.82505,0.74938756
969,1837.7891,142.96445,0.088423796,1835.0504,135.47546,0.20821008,1844.8314,111.226906,0.7115072,98.180084,131.74173,0.13540451,1632.3397,128.1364,0.4284442,1667.312,103.35272,0.7768636
970,1837.7295,143.5083,0.09491241,1835.5215,135.68367,0.25782034,1844.435,110.859215,0.77685654,1910.0658,72.34119,0.13317895,1632.0543,138.11118,0.40976334,1668.9545,104.30655,0.7532284
971,1837.4518,143.86174,0.10277038,1835.505,135.5519,0.2566419,1844.6877,110.72585,0.72614926,1909.8838,73.1333,0.12636477,1634.8301,127.156425,0.49250033,1672.0253,102.36615,0.74441725
972,1837.819,143.77664,0.09494239,1835.7754,135.67505,0.22054838,1844.9647,111.750595,0.6980259,98.65312,131.02763,0.1297216,1632.7261,138.40015,0.44874543,1671.2443,105.013626,0.7206713
973,1837.8936,143.24124,0.08811708,1835.257,134.24277,0.22757962,1845.3425,111.559204,0.56673026,1903.5392,68.00871,0.10858315,1632.7666,139.05399,0.4818091,1671.8607,108.389824,0.6807272
974,1839.0806,143.41023,0.08061171,1836.2751,133.44193,0.20316051,1846.3868,111.45593,0.48293805,1903.2107,81.16974,0.13472722,1632.2482,138.72607,0.41168118,1670.7039,105.660095,0.6644636
975,1837.7302,145.88872,0.04696862,1837.6677,133.30432,0.097293265,1848.0819,111.51396,0.37029603,1903.8922,75.21199,0.10136819,1632.6815,138.81221,0.4337599,1670.9331,107.89401,0.73144823
976,1842.0251,151.5468,0.25957435,1839.0797,136.68768,0.1792864,1848.322,112.84872,0.761649,1904.0394,68.314354,0.12394174,1631.8901,138.29503,0.43080774,1671.68,104.1497,0.73692703
977,1841.6313,151.62067,0.072422005,1838.991,136.36897,0.104279935,1851.5713,114.018616,0.62808204,1904.6821,67.92108,0.08844447,1632.8279,137.88474,0.46580514,1672.3691,107.27309,0.7772983
978,1771.2415,130.77605,0.20168,1838.6451,144.26303,0.18746766,1855.127,115.83225,0.7273382,90.14718,129.42238,0.12569588,1631.4949,138.1396,0.42878243,1671.2509,107.661674,0.80882967
979,1842.3041,153.65009,0.071297295,1837.5526,145.05563,0.11135747,1857.9601,118.128044,0.71676695,1904.9209,67.67727,0.097325355,1632.1877,138.94766,0.43821794,1674.2198,111.1554,0.71709865
980,1843.1611,151.81094,0.06447132,1756.9803,136.78474,0.08736163,1859.0189,121.29107,0.4610278,1917.7572,87.47173,0.1015168,1633.145,138.18375,0.48313397,1676.0099,106.176605,0.841401
981,99.43894,188.97073,0.0624078,82.68216,184.0978,0.07091539,1858.6002,124.22239,0.2050552,1657.6941,187.54782,0.09290103,1633.376,138.38457,0.5175611,1678.6426,109.96361,0.7437158
982,99.768875,189.8958,0.065330476,81.90352,183.98842,0.07750311,110.7334,148.75792,0.08990342,1663.6338,188.05888,0.09388737,1634.3223,136.6531,0.52500707,1678.9447,107.17268,0.81738937
983,99.56691,190.12398,0.052483268,1903.7208,127.784004,0.08034674,1862.0249,130.45221,0.5189371,1664.2842,187.65384,0.06561262,1635.0812,136.50836,0.5552538,1681.1692,106.69994,0.80463356
984,99.146935,189.28229,0.06308687,1756.556,149.27542,0.083848745,1864.1522,130.86316,0.40787396,1664.1908,187.59573,0.09107685,1636.1636,136.19875,0.55421585,1683.4779,108.27718,0.6198676
985,99.507515,190.1131,0.03840358,1756.7955,150.66803,0.07589397,1864.44,128.11702,0.0800655,1664.554,187.42413,0.08157602,1636.6658,135.65485,0.5655212,1689.0416,108.60135,0.57752234
986,99.42439,188.97427,0.03830872,1771.1434,148.77905,0.06910149,99.5035,147.35995,0.0643048,1678.5354,187.63338,0.08638543,1638.7051,135.1909,0.5590163,1690.5507,106.569756,0.52735734
987,99.66502,189.90694,0.03795097,1771.6398,147.86113,0.07293708,97.94555,148.21077,0.050932497,91.6691,128.53368,0.0828093,1639.982,135.35376,0.5799844,1689.8303,105.578,0.53906345
988,99.76343,189.89125,0.03875965,1771.3462,150.01648,0.09175484,108.64072,147.32391,0.076760665,97.34529,130.27242,0.14059062,1643.6265,130.14987,0.57101077,1694.9027,105.60825,0.6417086
989,1737.4033,165.99501,0.027427908,1774.0394,150.67859,0.08897808,99.14101,147.53236,0.05359901,1679.2933,192.58566,0.067157105,1645.6606,124.82572,0.581889,1693.8026,102.31215,0.80204993
990,99.60811,189.07887,0.044237874,1771.6157,152.60252,0.10544749,104.992516,149.63799,0.054341834,91.57987,129.72246,0.18858323,1645.8762,126.73237,0.54689133,1694.9026,104.35177,0.6854761
991,99.64673,190.467,0.054865733,1771.8593,153.53748,0.09900008,105.94116,149.44492,0.089747414,99.6537,128.62558,0.080879055,1646.4016,125.65659,0.5813142,1695.0021,103.26573,0.7294953
992,99.27408,190.24475,0.036914397,1773.1577,153.64322,0.061960947,1874.5293,135.65337,0.2219889,1680.006,187.75862,0.052056175,1645.7599,126.50286,0.529251,1694.4857,104.36009,0.7062492
993,1724.7465,114.379005,0.021479353,1773.2324,154.44772,0.11748992,1875.4625,134.69432,0.35426733,1725.1473,132.54457,0.05840922,1648.1593,126.6102,0.5754426,1696.3289,106.00044,0.7057922
994,1802.8176,134.29688,0.027854502,1776.3291,155.06215,0.119583204,1741.5778,159.07903,0.12701838,1701.4595,191.98447,0.05507849,1647.7915,128.51373,0.52216685,1696.1659,107.676315,0.7383059
995,1752.5725,165.20609,0.032845177,1776.9858,155.02081,0.13773267,1744.2928,158.51643,0.17365472,85.95608,127.264626,0.09894453,1646.4813,132.84003,0.5208648,1697.3854,109.26503,0.6258345
996,1753.5636,164.57233,0.03427544,1777.4008,154.61226,0.07639358,1744.2698,157.15701,0.18695034,1664.8221,181.66393,0.057314467,1648.2743,132.89665,0.50432044,1699.6687,110.04248,0.5799401
997,1748.4788,164.24669,0.031104261,1788.3813,149.9342,0.05745581,105.51073,149.70354,0.10527358,98.085304,129.55043,0.09732414,1649.167,135.17032,0.54563195,1699.9403,111.337776,0.5828021
998,1809.5142,141.715,0.029412156,1789.243,149.00966,0.055777296,105.2895,148.61577,0.10505432,97.02273,129.14844,0.113091625,1649.348,136.92484,0.56134194,1703.9205,115.81476,0.51451105
999,1812.1937,141.56621,0.060897283,1789.9095,151.34995,0.13982555,107.77784,147.36511,0.18914136,1679.2593,188.36003,0.064745784,1650.2223,137.50482,0.6026594,1701.1405,114.99144,0.69624984
1000,1888.9714,62.75319,0.030394787,1792.8652,145.16383,0.06637986,1755.5277,153.43921,0.111933,1678.6879,188.32169,0.087354414,1651.2603,137.3302,0.63425475,1702.6401,114.88137,0.71773165
1001,98.95343,187.53271,0.17318857,1792.9551,146.86064,0.052689493,1756.1992,158.29071,0.037045382,1679.4937,188.10571,0.09515291,1653.1146,137.50325,0.6796225,1707.4802,114.58176,0.7678399
1002,99.15231,187.69867,0.31814924,84.70724,179.07257,0.039312884,1764.9834,149.96094,0.031320408,1723.6396,190.84712,0.11083649,1653.571,136.96939,0.69369406,1710.0682,114.41709,0.7721354
1003,129.69539,132.93034,0.06419771,118.74891,128.67268,0.12299274,141.1283,82.478096,0.16145341,123.94605,121.6564,0.1920617,1652.9354,137.52245,0.6601507,1710.3593,115.62176,0.7135277
1004,135.7751,133.7845,0.046093743,131.3621,128.93216,0.07830017,143.11377,79.334114,0.1879251,132.6374,125.672806,0.18820402,1655.61,137.7825,0.6144588,1712.5214,117.07375,0.7717626
1005,1889.5035,147.71313,0.03298004,1819.9246,109.36691,0.060410567,1761.2285,150.38383,0.032159,1730.3948,193.90314,0.10519149,1657.0769,134.14758,0.56012905,1715.4739,119.60633,0.7025468
1006,1798.3656,139.05183,0.028611057,1807.1351,141.0414,0.038703285,1762.3636,143.26648,0.060795087,1730.5927,193.8468,0.08375862,1657.0371,138.5007,0.5333989,1717.3351,119.38456,0.65637004
1007,1908.5323,19.303806,0.027966406,1828.6012,136.33182,0.049550332,1768.9692,147.01732,0.067809984,1693.7401,188.08961,0.096503235,1655.7524,139.63025,0.5618049,1716.0544,123.853165,0.662405
1008,1892.7678,138.8161,0.03689987,1809.8002,140.25327,0.13339292,1769.2952,146.63889,0.23942684,1727.866,192.25037,0.09012804,1657.153,138.559,0.50262034,1717.8246,122.94737,0.73363686
1009,1838.2441,135.21324,0.057108697,1810.7795,140.19203,0.16467884,1770.4451,147.471,0.2731443,1729.6918,194.16042,0.10031253,1661.2076,138.62137,0.49946645,1718.2739,122.84585,0.6888641
1010,1892.09,146.60011,0.04738117,1822.1593,136.28525,0.106977254,1775.1888,148.3236,0.2670343,1720.8876,194.04071,0.08237587,1664.1783,138.88446,0.55673933,1724.2283,124.75606,0.78975695
1011,1890.2761,147.50366,0.022138344,1815.1057,148.02122,0.061116338,1775.6089,148.11398,0.25555512,1729.8883,193.33867,0.07483964,1662.8007,139.07283,0.547789,1724.1412,126.33172,0.73477197
1012,1848.173,132.78897,0.038651794,1824.2529,137.72672,0.11148748,1780.3756,147.12306,0.25610146,1695.1543,186.1967,0.08754058,1662.2676,138.89359,0.5670267,1726.9856,127.91917,0.7202957
1013,1853.0028,135.31865,0.065508634,1825.8003,139.14616,0.09095244,1782.599,146.42664,0.26763064,1732.4165,193.41722,0.11017626,1663.3889,139.96991,0.5822936,1729.0485,129.4024,0.73706645
1014,1856.7092,133.55956,0.048482988,1830.374,147.61949,0.09864783,1785.4271,147.05084,0.4237109,1732.4492,193.58171,0.10297845,1664.8119,140.73341,0.59113955,1731.1962,131.20158,0.7616415
1015,1909.1991,166.77864,0.059597105,1837.1976,142.0933,0.06207505,1788.929,148.84032,0.28189325,1720.3475,193.76349,0.08186673,1665.9886,141.46573,0.577274,1732.4669,133.06152,0.7893681
1016,1908.756,155.0588,0.0655157,1851.1963,146.77153,0.059178557,1790.7919,149.47769,0.20018205,1721.1383,192.50394,0.12510194,1667.972,141.21834,0.6233749,1733.0717,133.98528,0.7227
1017,1908.7346,166.71153,0.07788098,1851.135,147.03667,0.05821152,1794.9034,148.90434,0.23593776,1719.9806,192.18373,0.11810693,1672.5946,140.19962,0.5945887,1737.713,133.85309,0.72432005
1018,1909.4381,155.92494,0.065593645,1692.1499,85.24493,0.052669592,1799.7458,147.9368,0.21107958,1720.4229,192.22417,0.15160021,1673.1975,141.26361,0.6122704,1740.5376,134.21248,0.8914343
1019,1613.0814,199.99182,0.05453914,1691.7069,84.51022,0.057704527,1802.0592,148.85057,0.09810269,1721.1437,192.60324,0.10976366,1672.9923,141.36766,0.61950254,1742.1418,133.68282,0.8777577
1020,1613.2349,200.15088,0.058757033,1692.5974,84.64041,0.058845386,1806.3223,150.48613,0.19823879,1726.9799,192.48051,0.19040488,1674.3999,141.9428,0.61617714,1742.7965,135.01099,0.8879136
1021,1613.4897,199.73218,0.07445391,1866.0397,148.63766,0.06640924,125.757225,172.49364,0.37677827,1727.3397,191.41699,0.2093703,1675.1713,142.8533,0.530575,1745.7795,136.99773,0.77889407
1022,1614.2374,199.15115,0.04588409,1866.453,149.73611,0.058877766,128.59482,170.4644,0.1348056,1726.6038,192.42307,0.15859286,1689.1217,139.03098,0.4854366,1750.4795,136.12744,0.8012002
1023,1905.6101,149.25783,0.043547444,1867.0785,149.97878,0.07386725,1812.5374,152.12221,0.2205593,1733.4304,193.09682,0.1824932,1690.1866,141.77342,0.48251912,1753.6849,138.90007,0.88246304
1024,1903.0698,143.91618,0.041297328,1424.1522,175.91267,0.065784864,1817.3251,154.33067,0.078566834,1728.0454,191.69656,0.25223607,1690.7332,141.2038,0.48655945,1756.1162,138.05473,0.88934934
1025,1902.7927,142.82042,0.043086085,1424.4926,176.06743,0.0700854,1824.3347,152.4647,0.059329446,1723.3372,185.33281,0.17121829,1691.6779,138.8073,0.53584653,1758.4948,138.23148,0.7854869
1026,1905.3289,143.39235,0.034626514,1690.5648,85.299126,0.05407582,1827.0399,150.11877,0.08339737,1731.8973,191.24176,0.20721932,1692.168,140.92694,0.47840273,1762.7878,139.72676,0.82815677
1027,1629.2115,200.25925,0.051095176,1883.5094,149.23802,0.06105829,1835.3328,152.57047,0.05079794,1732.813,190.52625,0.23342583,1692.5225,142.6599,0.43537363,1764.0822,140.83936,0.7794806
1028,1629.3677,200.44562,0.050707616,1691.8608,89.80308,0.059902485,1836.0591,150.84688,0.059849493,1732.1521,191.76068,0.2571429,1690.8705,142.4995,0.43885463,1768.5432,139.08733,0.80098605
1029,1629.5874,200.12651,0.064253025,1691.2769,84.91852,0.056153573,1840.1244,152.20444,0.048356134,1733.5072,190.21736,0.3182323,1692.0742,143.21098,0.40527546,1769.5852,138.10968,0.84508884
1030,1629.7509,199.47026,0.065066256,1888.1215,151.30927,0.044255234,1847.1682,154.60054,0.051091827,1734.0387,190.67572,0.21894309,1692.7074,141.97578,0.41012964,1769.3668,135.30295,0.76048565
1031,1630.1941,198.4713,0.06998252,150.4129,64.32891,0.035674438,1849.7458,160.42972,0.061346356,1730.1444,189.89162,0.17303374,1716.8602,141.4744,0.42743888,1771.012,136.66005,0.76758224
1032,1631.3234,197.79808,0.06339204,149.3196,64.49678,0.03323407,1850.9719,155.50987,0.058804743,1733.3497,191.25864,0.17803468,1708.4818,139.99756,0.41015953,1773.5427,135.06352,0.62818724
1033,1632.6305,198.37976,0.036061488,1709.6947,102.07739,0.033757567,1854.7754,161.73373,0.0738712,1731.743,189.79807,0.30626357,1722.0223,139.56737,0.46072447,1768.8737,136.90561,0.63712823
1034,1634.2925,197.2056,0.030825082,149.10687,64.3896,0.042813644,1858.2896,158.52408,0.07059297,1740.1553,191.99345,0.2304955,1725.4033,140.64842,0.5508061,1771.2562,134.74968,0.71020085
1035,1654.3401,142.0467,0.030166434,148.97498,64.424995,0.042818315,1861.749,157.18639,0.08688354,1733.2877,190.50146,0.22904442,1726.7892,140.3157,0.5826729,1774.7646,135.25421,0.7422666
1036,1661.5558,145.34244,0.033284966,149.26257,64.36725,0.035331916,1866.1078,159.81053,0.08335053,1740.3176,190.1698,0.31776798,1723.2772,140.26202,0.47504452,1770.3728,135.2921,0.65184814
1037,1646.2324,200.59973,0.03256757,149.39636,64.37676,0.036521107,1870.3209,162.2033,0.059439234,1739.5912,190.96841,0.36862683,1722.6372,139.13774,0.51462466,1771.6736,135.95163,0.6496106
1038,1645.9518,200.18077,0.041656874,1708.2661,100.87163,0.035825305,1872.0908,152.84764,0.07527987,1733.5444,189.95961,0.18785633,1720.8732,139.86525,0.4486509,1768.6849,135.0947,0.5075774
1039,1645.9476,199.32239,0.02798582,149.29053,64.850174,0.036592014,1876.2856,156.09276,0.09677958,1740.7509,190.53603,0.26805454,1723.084,138.8588,0.4861217,1773.1425,135.59673,0.52007306
1040,1645.7057,199.34802,0.041865353,150.29834,64.835655,0.03423688,1877.3676,154.22626,0.11841555,1734.1191,189.39215,0.21140116,1723.6625,138.86307,0.45706752,1773.3291,135.03021,0.49098334
1041,1645.7516,198.65744,0.030900983,150.21977,64.52315,0.04017237,1824.3965,131.19322,0.06924113,1734.4352,189.10567,0.26083416,1727.4052,141.42001,0.41152704,1778.7876,140.88608,0.5805774
1042,1635.9812,196.14026,0.021134792,1898.2361,167.05583,0.038385,1825.4266,131.83363,0.06221827,1737.1669,189.61047,0.09953591,1730.3723,141.33826,0.53765374,1779.1481,138.6553,0.62867165
1043,97.13702,183.73431,0.016105821,1897.3617,165.0185,0.031630546,1827.7804,132.29828,0.056276496,1736.0458,190.04207,0.115452215,1729.1207,141.00201,0.5968859,1777.7845,136.77135,0.6734468
1044,1666.9745,144.41629,0.03440926,1897.3987,164.71425,0.033868913,1830.0751,131.37854,0.07053167,1748.8478,192.34149,0.13838471,1728.6104,139.83255,0.59402996,1777.0931,134.927,0.64423823
1045,1667.5538,144.3368,0.038695067,150.57964,64.39522,0.03590257,1903.1047,167.71788,0.06479925,1741.5531,190.90182,0.2080699,1728.9701,139.80293,0.6167175,1777.2114,133.52315,0.56510663
1046,1668.2667,144.84752,0.029215293,150.98405,63.961784,0.045167528,1832.1421,130.83371,0.05132567,1746.0704,190.7833,0.1556763,1731.813,139.88118,0.7701034,1779.7155,134.38963,0.8226302
1047,1669.5314,144.2986,0.030940177,1904.4154,171.6592,0.037041567,1626.9373,193.5492,0.04326832,1754.5249,191.13394,0.13400564,1730.1998,139.35202,0.63741857,1782.7554,135.36447,0.63459504
1048,1822.2069,125.647896,0.020729842,1724.6953,103.887276,0.031781465,1836.2576,133.45097,0.24422981,1735.5532,185.46748,0.15095346,1727.4542,140.7903,0.7169364,1780.6375,132.65909,0.7675655
1049,1655.7661,198.05568,0.024657914,1724.7439,104.78284,0.038899746,1836.0798,131.98166,0.094277024,1734.4631,185.08511,0.17519146,1727.5271,139.79414,0.7099367,1782.6766,132.79834,0.78742015
1050,1656.5055,197.98398,0.025133548,1724.3186,105.47649,0.04026658,1838.601,132.99376,0.093518354,1735.0431,184.94649,0.16980274,1725.1603,140.46956,0.6837728,1782.2765,132.7563,0.7022681
1051,1685.7472,156.75539,0.027264439,1902.2279,142.6766,0.027637385,98.75348,182.31326,0.047619402,1741.6163,188.64377,0.16591585,1730.087,141.43927,0.68398196,1788.3525,134.83185,0.6821493
1052,1685.4799,156.85402,0.03722275,1903.5282,141.91084,0.04900156,1839.0468,130.39415,0.1676075,1741.9193,189.26738,0.14348476,1724.9734,139.0187,0.7184295,1785.0365,134.6612,0.60569674
1053,1678.2491,152.37852,0.046235457,1905.8872,141.15477,0.033441182,1837.0184,129.97119,0.112270266,1740.5844,189.3205,0.20845468,1728.6298,141.19507,0.71115565,1789.4222,136.35033,0.59529144
1054,1678.5065,151.65897,0.05458635,1624.9331,157.77333,0.029944936,99.64059,185.42673,0.06718978,1734.5944,183.55759,0.16589193,1728.498,140.25212,0.61501473,1792.3351,137.97754,0.6461942
1055,1679.7451,151.32861,0.058407918,1626.0901,157.80728,0.027338332,100.10678,185.53374,0.12575498,1735.4127,183.93784,0.16577211,1728.8175,142.10347,0.58445835,1795.4022,137.95027,0.54975635
1056,1681.0454,152.29103,0.0522611,1722.2191,99.412224,0.028018624,99.994156,185.53043,0.13344477,1747.0958,187.29272,0.16734058,1727.8042,142.20248,0.6218698,1800.0657,138.816,0.5281492
1057,1682.7391,152.3411,0.036685877,1628.835,156.86714,0.027987305,99.91716,185.42198,0.04313544,1745.1393,186.91927,0.21294017,1731.0067,140.31242,0.62286925,1795.8937,138.75153,0.5291149
1058,1686.725,154.45044,0.032218892,1408.1805,136.655,0.036814068,1829.611,135.32555,0.032619447,1739.8013,184.1111,0.18942647,1728.1882,140.19884,0.5708299,1794.256,138.63412,0.5406964
1059,1678.7761,200.62326,0.02976001,1689.3204,160.44081,0.030000173,1841.1313,126.54295,0.06158375,1755.453,185.63927,0.119328536,1729.0134,139.51369,0.51190233,1794.6863,139.89452,0.5440093
1060,1678.4304,200.15388,0.039482776,1408.3008,137.0872,0.03509914,1717.309,183.83961,0.027211955,1755.1741,185.75418,0.10268229,1727.6605,140.01381,0.43275973,1794.1603,133.15295,0.49453425
1061,1690.2057,158.96042,0.030700048,1407.2662,135.48473,0.04467543,1869.6693,138.02791,0.02744837,1756.4125,189.86694,0.09451902,1729.9281,143.49281,0.4076977,1792.6646,129.96953,0.35380566
1062,1702.2218,157.66226,0.021513218,1410.5991,137.84775,0.03549457,1685.8358,153.43208,0.025859892,1755.5585,186.56483,0.09885338,1730.8799,145.85083,0.5039761,1795.6243,133.02715,0.36929414
1063,1676.5779,196.8801,0.026267866,1408.3767,136.75285,0.042445272,1601.1516,147.9323,0.075453445,1749.7631,183.12271,0.13700825,1732.5964,144.97177,0.46941093,1807.01,144.77303,0.3830265
1064,1693.2666,161.21042,0.021635061,1408.3584,137.70273,0.040315807,1602.3994,148.34563,0.0539291,1748.3397,183.72528,0.116652146,1736.1685,143.61983,0.57447845,1799.1753,133.92859,0.54431325
1065,1678.095,197.0498,0.021777924,1408.7072,137.53331,0.034807052,1878.4963,139.51955,0.085286476,1748.8108,182.26378,0.11699082,1739.5005,143.04349,0.58767927,1800.5038,132.73097,0.53904533
1066,1718.793,104.14082,0.014387779,1415.8363,134.86958,0.02478417,1874.9663,140.10222,0.06375542,1750.5168,181.11719,0.06959823,1742.7689,140.79291,0.5354748,1800.7231,133.23454,0.5020348
1067,1615.2012,185.28024,0.01274095,1415.3218,134.11578,0.022347013,1605.3275,150.51549,0.028828366,1771.2659,187.28719,0.08710266,1744.0804,141.44966,0.5531056,1808.2911,137.2422,0.48108932
1068,1694.872,163.20354,0.021915777,1877.2964,147.11998,0.029648596,1880.3942,137.06918,0.14028016,1769.692,185.48228,0.08973231,1747.9485,140.41095,0.50187194,1807.4755,133.67747,0.61855096
1069,1692.9865,170.86511,0.05354099,1692.1376,159.06908,0.024851022,1878.1653,139.45125,0.10826527,1772.1993,184.93939,0.09501849,1752.0748,137.23946,0.4656889,1810.1747,134.5069,0.576705
1070,1693.3894,169.98012,0.058120262,1792.551,104.9826,0.029111996,1878.2903,140.00465,0.098611556,1772.5283,185.18431,0.11534782,1768.204,137.68977,0.42826253,1817.4856,136.99622,0.51439166
1071,1698.712,165.25577,0.04554403,1655.9897,173.30951,0.03532158,1887.7538,138.0524,0.2931259,1775.6051,189.23944,0.20294291,1754.2117,138.84108,0.55726177,1820.5118,136.3103,0.61041003
1072,1700.0791,166.7528,0.033971444,1656.1425,174.12663,0.03236347,1889.344,137.65013,0.07514894,1775.4128,188.80109,0.1255391,1762.6603,138.17499,0.49322888,1818.5204,135.80402,0.4620419
1073,1701.3412,198.69563,0.030524781,1688.1946,164.95918,0.027826304,1888.4521,138.11862,0.093660355,1787.7133,192.0323,0.13050419,1769.4172,137.09676,0.53202814,1822.5101,136.71826,0.52595
1074,1703.5973,185.57538,0.018917935,1793.1473,105.0344,0.027846668,1892.6982,137.58559,0.23124374,1779.8776,186.07883,0.14676656,1769.9221,136.54268,0.50161356,1824.6797,136.42926,0.5167539
1075,1705.0261,187.92323,0.018639404,1795.0657,108.73456,0.045344286,1890.7112,137.31726,0.3214774,1784.8208,185.4823,0.11376762,1766.9572,138.39627,0.43414864,1825.0248,136.33194,0.5161684
1076,267.71387,176.19215,0.024859617,1794.8969,108.04072,0.032407552,1615.0356,163.12277,0.23363632,1786.717,189.42612,0.15174986,1770.5314,136.43825,0.48777878,1833.9395,139.29192,0.6207113
1077,1708.6221,170.46259,0.02065951,1795.4315,107.48281,0.039659403,1617.3973,164.17848,0.27418637,1787.5076,184.9556,0.08188295,1769.3595,136.36765,0.4209101,1832.8523,139.43672,0.4893131
1078,65.05259,186.66412,0.03618106,1795.0924,107.52139,0.03850319,1619.4556,164.55084,0.17307751,1788.2657,185.56201,0.09053892,1771.2678,135.23015,0.35129756,1833.4376,140.1936,0.43445244
1079,8.471416,165.68259,0.06463232,9.187073,165.19707,0.057366133,7.769855,162.76874,0.111470275,1788.1066,185.66405,0.07905196,1770.8945,135.70567,0.37826398,1838.1957,141.45285,0.457655
1080,63.56811,184.05429,0.06060146,11.062231,163.96376,0.27842987,1908.9259,137.22792,0.06966911,21.268023,111.93461,0.06834486,1792.6448,138.42938,0.35684893,1845.3704,146.92567,0.46541896
1081,47.403236,172.94884,0.09442895,20.693317,166.40327,0.3619308,1909.1227,137.90169,0.058401175,23.167057,112.482376,0.22458148,1791.5608,138.07237,0.378593,1844.2028,146.7128,0.47399628
1082,61.48761,182.48044,0.38351658,34.16394,175.27231,0.6808127,3.6114998,154.31607,0.5526019,33.94456,111.2408,0.24141379,1771.8134,144.65408,0.3573725,1847.5118,146.68005,0.4659831
1083,63.783623,184.43976,0.67061514,38.728806,180.62624,0.8822244,8.327978,159.25589,0.8705231,48.305553,124.81378,0.52299374,1794.9087,139.84053,0.35201827,1851.0186,147.64491,0.48388442
1084,68.72597,187.27428,0.80895716,39.581257,184.34698,0.77420884,10.524812,156.81104,0.9087327,54.026627,123.9398,0.4272277,1794.6493,140.7191,0.4380109,1845.4163,145.02298,0.5385305
1085,68.32926,186.53188,0.85346824,39.72402,186.72127,0.839951,16.532568,163.4014,0.8434073,58.41708,123.89826,0.48568538,1792.1089,139.53148,0.37265703,1847.082,145.937,0.42358798
1086,67.9139,186.39384,0.8255142,39.557446,186.77931,0.88915724,17.53758,164.65742,0.82276046,65.75635,120.74657,0.38516515,1786.1473,143.48637,0.32906726,1853.9176,147.62268,0.4542475
1087,67.60605,186.86955,0.84203595,39.99835,186.66617,0.97036344,18.124495,163.83961,0.90697944,70.70703,121.16016,0.63125163,1795.7931,141.00388,0.37112123,1861.4337,149.54578,0.48770535
1088,67.07871,187.3219,0.77628404,39.95353,186.63509,0.93084013,19.162481,162.3663,0.8672642,76.32882,121.93121,0.6768919,48.48448,85.66208,0.38721475,1865.4204,151.17015,0.45201635
1089,66.85817,187.53972,0.7952856,39.782326,186.87729,0.9166492,21.829449,163.29816,0.7482091,84.95054,120.0641,0.3627559,1784.8308,147.775,0.23599072,1868.5803,152.47534,0.3654924
1090,66.27821,187.70837,0.91879517,40.42117,186.74982,0.98693305,23.719297,163.58665,0.78725463,90.08738,120.29904,0.18875316,1788.2952,147.29419,0.25575462,1864.5239,150.64093,0.47635147
1091,66.788124,187.56,0.8888262,40.5322,187.38121,0.9631342,24.163248,159.95724,0.7976984,91.07409,119.127884,0.08214224,1817.8043,143.11055,0.29682705,1866.0255,150.12376,0.5496105
1092,66.415375,186.43047,0.9280481,39.89277,187.4313,0.92839617,26.035921,159.43617,0.8335792,148.39717,134.98137,0.100831814,1814.375,143.03586,0.29720464,1866.5256,147.3391,0.62788033
1093,67.19746,185.50465,0.858393,41.493614,186.96259,0.90812594,26.514908,158.08842,0.8306534,175.56613,138.38171,0.14920305,1819.4318,144.10408,0.3421843,1870.3064,145.49101,0.5391954
1094,67.5267,186.05785,0.94452065,42.443363,187.01164,0.9516714,28.298716,156.99725,0.8082037,164.06242,136.98215,0.12171379,1801.8308,156.7363,0.32155,1872.2255,147.02278,0.6180552
1095,67.95815,187.92725,0.9327733,42.022636,186.5096,0.93238753,30.319506,155.91832,0.692775,78.18923,127.05751,0.20410801,1805.0402,157.59163,0.35193306,1873.7633,147.48091,0.74565953
1096,68.06237,187.91832,0.97335464,40.86953,185.45361,0.97672236,35.194687,151.17065,0.6837565,97.86459,130.53178,0.2909545,1804.334,158.21693,0.36502546,1874.8601,149.0218,0.6323216
1097,67.95311,187.30905,0.9447431,41.983315,185.78291,0.8955539,39.147453,148.38176,0.6760384,103.95096,132.0903,0.29369655,95.21454,92.943184,0.26641136,1874.4557,150.08856,0.5070374
1098,67.95964,186.81146,0.8711024,41.176006,185.20648,0.7540819,42.294918,147.20279,0.5112181,95.30885,130.83171,0.35664308,101.04903,93.79408,0.44229698,123.04428,83.14809,0.6001088
1099,68.45276,186.41269,0.8094806,44.690907,184.04022,0.7123017,45.95802,147.95963,0.76253265,104.43029,127.784424,0.39342555,108.52065,92.71382,0.3146767,1877.3744,149.1725,0.6509514
1100,68.141235,186.65901,0.7017764,42.959927,182.60765,0.6125154,49.173256,145.63054,0.4610336,110.313896,129.6362,0.29659283,118.37064,91.94335,0.4534785,1878.9407,150.28442,0.571714
1101,68.85382,185.87074,0.68853337,43.92087,183.90378,0.69289166,51.304794,145.29608,0.62006414,123.357445,128.19432,0.34613168,126.679436,92.43375,0.3480802,143.48332,82.10936,0.50699455
1102,69.609856,187.47546,0.6494122,45.53131,183.74669,0.73430103,59.30383,141.78378,0.5343347,132.0967,131.29767,0.36145025,133.32892,92.19993,0.470933,153.08104,81.1447,0.4636102
1103,68.99153,187.57298,0.6526068,47.67015,182.04462,0.7915215,63.174984,141.98755,0.9040073,141.65068,130.82951,0.5466899,138.82722,92.685745,0.56285214,1876.5999,148.51949,0.63152593
1104,68.40016,187.4726,0.56384146,49.515854,180.26093,0.76285034,65.536415,141.79558,0.90059125,150.4673,128.974,0.542069,144.76854,90.43683,0.58204055,1881.5465,149.01895,0.52743113
1105,67.123604,188.70187,0.40668067,52.52922,179.17563,0.60976905,71.2469,140.59674,0.98867226,153.74062,128.51735,0.5445155,151.64835,89.38106,0.51364577,176.57338,76.742485,0.47455826
1106,65.98445,189.1592,0.35185263,51.082912,175.1992,0.6413658,76.81148,141.03413,1.0,160.42337,127.95693,0.5757969,156.77165,88.68909,0.50870186,1888.0634,148.24718,0.46274498
1107,66.90124,189.60262,0.38994476,50.463726,171.53345,0.66674393,81.84594,138.31876,0.97048885,171.4117,127.830864,0.7023818,166.88828,86.69068,0.5186342,194.36891,71.46038,0.5204423
1108,64.418625,189.88141,0.35280994,56.766674,169.25912,0.6454087,92.82428,137.26768,1.0,180.99367,124.15556,0.55900115,176.4323,85.133995,0.5205018,203.48311,70.62759,0.5469538
1109,66.591194,189.19824,0.25339305,69.63195,167.19746,0.4542284,109.47076,135.1519,0.8202323,185.92796,123.41325,0.7955923,182.14539,82.60718,0.6427154,213.20955,68.92664,0.69919866
1110,83.490326,181.53212,0.50422245,90.48677,160.5031,0.62031704,125.81097,128.21709,0.98409724,197.97037,119.26968,0.6567674,194.01683,80.716644,0.6509279,219.83539,67.9059,0.6589291
1111,104.78967,177.61003,0.6568821,109.30811,159.33084,0.70708364,137.99432,125.15687,0.8923384,210.88924,118.7026,0.66530377,206.4937,78.54849,0.5478727,232.17912,66.91205,0.6527685
1112,128.21747,177.33205,0.5024845,132.56245,160.68875,0.63551515,163.27405,127.02383,0.49235076,222.67203,118.41223,0.43118298,214.91124,78.506226,0.4758035,237.87505,69.592804,0.51727736
1113,153.04935,176.3796,0.412458,149.454,158.73491,0.50632817,170.09839,120.88909,0.5262315,228.9875,121.037636,0.44898462,221.62105,78.46993,0.5072087,248.42432,70.56236,0.49839607
1114,178.07336,176.83562,0.750692,169.37439,156.80083,0.74214995,174.06664,117.56316,0.82914484,234.57008,119.48375,0.512717,224.46289,77.65134,0.61274534,253.67891,69.90723,0.52668947
1115,196.67088,177.07216,0.9012361,186.57675,156.86694,0.8124518,186.46324,121.54395,0.9727903,250.7927,120.59953,0.5302001,234.75421,78.15855,0.5063566,262.2204,72.23224,0.4763027
1116,212.41379,178.32484,1.0,200.97488,159.01805,0.838669,195.72156,122.83561,0.9279815,261.47455,121.20147,0.6301485,243.94089,80.17039,0.53985214,266.30695,73.27222,0.52747643
1117,227.6432,179.12642,1.0,216.10748,160.71638,0.91054046,207.3991,126.11582,0.94420034,276.1134,123.09596,0.7722168,254.39249,80.011925,0.67331004,275.0966,72.490456,0.65512145
1118,244.46603,180.23856,1.0,232.41313,162.52792,1.0,218.13799,133.23491,0.94778824,288.0818,121.55472,0.7035845,260.93024,81.31452,0.7770283,281.94464,73.71737,0.8156587
1119,309.82382,187.39825,0.76954544,255.89232,168.13016,0.85049385,232.59009,139.67293,0.9806234,299.9001,118.072044,0.7517423,272.8453,81.385826,0.768709,295.16165,73.39111,0.84695506
1120,310.37903,186.63643,0.82266223,271.75613,169.88258,0.8668623,245.17754,144.32805,1.0,313.51486,118.57968,0.7247155,281.57507,82.43669,0.78357667,303.68265,73.24019,0.7772048
1121,312.6849,184.73042,0.92912793,284.79312,168.39177,1.0,255.27211,146.636,1.0,323.4298,120.47115,0.85175633,290.70712,83.00117,0.76755226,312.4369,72.95475,0.83404374
1122,325.6944,179.80263,0.89891374,297.12234,168.7869,0.8405938,267.99826,151.13814,1.0,331.23895,120.139465,0.83198357,296.60147,83.90665,0.86889595,318.49112,72.87193,0.9465929
1123,345.68982,176.64824,0.728272,314.7283,176.45796,0.74987066,280.39996,159.08772,0.9198363,337.5294,126.46301,0.90026295,305.71057,87.08275,0.8317986,326.129,74.17659,0.9027611
1124,360.76248,177.44975,0.62913465,333.82135,172.14075,0.74573815,287.91306,158.12859,1.0,351.83078,126.19111,0.840413,315.64426,85.167755,0.92853385,337.6335,71.53012,0.84521896
1125,376.32907,176.92882,0.7823438,349.53693,172.18138,0.91744,309.832,159.23929,0.89623916,365.4234,125.96074,0.4774076,326.61417,83.453476,0.84459376,348.0497,69.73216,0.67928827
1126,392.41595,176.99335,0.86275214,365.12378,174.45543,0.9581427,326.9625,161.61076,0.94104093,376.5181,120.91718,0.5891845,335.0127,79.96973,0.9043704,359.0464,67.6376,0.7968415
1127,407.66928,178.49947,0.92924464,383.29236,175.84506,1.0,343.88458,164.76395,1.0,380.3481,117.69229,0.74083966,342.2237,78.08517,1.0,365.69586,65.218506,0.9529285
1128,421.47073,183.82649,0.9480552,395.3344,180.42773,0.9927525,357.21768,168.10464,1.0,387.71942,116.31829,0.7664751,351.2419,75.45096,1.0,372.51193,63.923477,0.8878809
1129,430.88742,188.66388,0.83691764,405.04105,184.5048,0.9944688,366.67856,167.4867,1.0,396.0856,115.072975,0.78443044,358.68787,75.50431,1.0,381.55243,63.466663,1.0
1130,434.22253,189.58456,0.8384401,407.77887,187.92838,0.9749308,374.58636,170.40517,1.0,406.36185,114.24883,0.574123,367.9316,72.65247,1.0,390.92758,61.459747,0.81758773
1131,433.26648,189.45503,0.97507876,406.46918,188.93202,0.9972703,377.2607,170.25446,0.96670955,408.20975,115.3005,0.66510075,375.35153,73.533615,1.0,399.42032,61.139214,1.0
1132,433.91574,188.51503,1.0,405.4135,189.13518,1.0,377.0989,168.44675,0.8995442,415.26242,118.02773,0.8361204,380.39352,73.862816,1.0,403.79895,62.26726,0.94736165
1133,433.78986,188.33302,1.0,404.63205,188.89838,1.0,373.4656,165.94386,0.9198792,422.24664,116.66608,1.0,385.3634,76.23117,1.0,408.9671,64.38449,0.9107358
1134,433.98993,188.5524,1.0,405.40155,188.84702,1.0,378.1506,167.50606,0.83627284,428.88794,115.4424,0.8415322,392.67596,75.62103,0.9157741,418.04565,64.53276,0.9303098
1135,433.17368,189.41553,1.0,406.04852,189.17728,1.0,380.5125,165.33044,0.9881934,434.70663,121.08107,0.9001832,400.73648,78.752625,0.86730915,423.9407,65.87513,0.8883656
1136,432.86884,190.08752,1.0,406.18597,189.39018,1.0,381.49466,163.78535,0.99428713,437.22195,122.44009,1.0,405.95694,80.10915,0.93244773,431.4721,67.44116,1.0
1137,432.89212,190.95918,1.0,407.59958,189.38248,1.0,383.87668,161.60735,1.0,444.43414,122.71593,0.8384447,413.78033,80.99814,0.80695754,438.59787,69.56917,0.82512075
1138,433.10904,191.50438,1.0,407.17612,189.28906,1.0,386.61816,160.99127,0.9806498,452.37253,128.67233,0.6116412,422.6701,82.27058,0.5344062,443.9622,70.32645,0.522438
1139,433.7556,191.07687,0.95880896,407.78055,189.09868,1.0,388.606,159.0372,1.0,457.19064,129.41156,0.6214642,1851.3109,157.08498,0.5041289,1895.0844,143.68956,0.44342086
1140,433.33112,191.1359,0.8989742,407.92545,189.59749,0.98811316,392.46494,157.36697,0.93285424,461.32584,131.99396,0.63168997,1855.946,156.25745,0.47603008,1896.7561,142.51515,0.45757088
1141,433.0012,190.58763,0.87935853,408.77008,188.78644,0.9247779,396.00592,154.0723,0.9877745,468.78992,134.73344,0.49980658,1854.9214,157.02118,0.43291453,1895.1205,143.61046,0.42646316
1142,433.0254,189.88808,0.88158125,407.66254,188.44234,0.9058163,399.2869,152.98093,0.8618741,475.8562,133.78305,0.38838917,1855.8865,158.01723,0.3837786,1894.0728,144.19319,0.40999597
1143,432.96466,189.3601,1.0,407.99924,186.6406,0.8262959,404.45657,149.52472,0.9527805,483.897,134.2865,0.4735123,1857.8484,156.80334,0.41409922,487.74432,74.91979,0.40470073
1144,432.78625,188.99467,1.0,409.43347,185.12569,0.81031066,407.8941,148.57759,0.9944689,482.6911,132.70964,0.570443,475.44992,85.377625,0.56933045,497.4321,74.65146,0.43582445
1145,433.41776,188.78653,0.9767851,411.2871,185.15816,0.77621204,413.7868,146.28621,0.9932434,486.38568,130.82837,0.59756124,1857.9039,157.96263,0.4601334,501.446,74.53593,0.47005022
1146,434.2194,188.93813,0.9292378,411.85028,184.15025,0.7349306,418.52713,143.48212,0.9285704,496.15927,132.98766,0.5057517,492.6562,84.68504,0.49199638,509.8268,72.24478,0.4141306
1147,435.72964,189.31395,0.76266205,412.80777,182.81609,0.7018881,425.52975,142.79213,0.9535421,500.22882,129.3857,0.39504728,1855.8875,158.14633,0.44656855,1895.76,142.10638,0.43911734
1148,435.4695,190.06975,0.7130533,415.55444,180.97209,0.67599195,428.8891,141.58945,1.0,511.8183,128.9649,0.26262832,1856.7494,159.94974,0.46661577,1898.9712,140.97447,0.44128743
1149,433.9635,191.00931,0.60515565,417.26346,179.09778,0.62587327,435.197,140.717,1.0,520.63635,128.3655,0.4825312,1861.333,156.12244,0.48928696,1900.1127,141.52829,0.45217305
1150,434.89,191.76805,0.5855429,420.45438,178.29796,0.6203528,441.3882,140.53697,1.0,531.30176,127.08822,0.5307199,529.78485,83.86509,0.5070868,550.9319,69.239944,0.5674621
1151,435.6567,193.51872,0.6690713,421.3892,170.34514,0.69330156,450.08896,139.71165,0.99796766,539.1089,123.8808,0.30008614,1860.8673,157.8791,0.43477258,561.55035,67.3323,0.4808091
1152,434.09857,193.606,0.6455967,431.0613,166.09535,0.7342382,466.61093,140.31403,0.95157635,553.3739,122.77736,0.4257787,548.8595,80.34062,0.5305179,570.0111,65.89897,0.48281392
1153,440.49646,188.79575,0.41052735,446.12857,162.91133,0.69802284,483.47235,138.88367,0.87381977,563.4892,119.765015,0.56814873,560.82104,77.43196,0.5704553,580.60187,63.899586,0.6023552
1154,463.91937,181.6255,0.6441638,470.21115,162.74408,0.84025884,504.0422,132.74017,0.9584621,570.9785,118.17016,0.5488802,564.7952,76.17439,0.9201912,588.3377,63.91331,0.7928651
1155,491.35596,181.4222,0.45970812,493.11786,165.55081,0.6440479,514.35974,126.45583,0.88477683,582.0523,120.21727,0.5806751,575.6974,76.57154,0.83913773,601.1517,64.083435,0.6800354
1156,527.6968,181.7719,0.38650578,519.5657,163.71121,0.6549926,527.2398,125.89097,0.9772048,590.67804,118.882225,0.5101127,583.47577,75.71317,0.9319714,608.6745,64.81076,0.71022725
1157,559.1165,179.4587,0.7963714,544.97485,161.87714,0.7247804,536.11584,124.10724,0.933602,603.60706,119.382904,0.4081207,592.29395,76.39279,0.8119473,615.75836,65.27434,0.77351505
1158,579.59753,179.43985,0.9740368,562.4329,159.41443,0.84897107,547.7314,123.05195,0.9831093,632.2421,118.64285,0.47597387,601.3716,75.482666,0.83170265,625.0047,65.55877,0.78118896
1159,592.587,180.18616,1.0,572.61127,157.88683,0.98058754,558.67474,124.295494,0.9286857,628.58105,118.46827,0.46316215,608.78906,75.65882,0.9014444,632.91766,67.42475,0.77855974
1160,603.7268,178.20947,0.8249993,587.0463,158.53487,0.9739969,569.4238,128.23677,0.92350066,644.6932,121.65567,0.6956939,615.10565,76.331,0.9439097,640.8138,68.503975,0.91771305
1161,612.1786,177.46954,0.549576,598.0585,160.13547,0.83295953,577.64844,128.0561,0.99076116,654.17676,122.891235,0.8158477,622.9772,78.75962,0.8709148,646.828,69.10387,0.87549454
1162,631.54175,184.20764,0.51326585,614.4978,163.70273,0.8420776,592.3405,133.1631,1.0,666.83484,125.21798,0.79406214,634.26526,78.44707,0.8490996,658.30493,70.53988,0.98278266
1163,651.70013,187.78337,0.8051847,629.08765,170.82726,0.89698744,606.69543,140.6929,0.98539126,683.1112,123.86817,0.8269205,641.8966,80.57406,0.86531824,666.3356,71.76337,0.88184965
1164,665.12604,190.98589,1.0,641.1374,174.01634,0.855731,617.8486,146.09059,1.0,692.8918,124.73508,0.8937573,651.65784,81.37278,0.9757019,678.5278,71.552826,0.91176254
1165,682.847,186.123,0.76115346,658.2832,175.4771,0.8693105,625.4789,151.8405,1.0,702.81903,124.807175,1.0,663.0564,82.82321,0.9924319,687.59863,72.16948,0.8772329
1166,703.6734,183.39445,0.70019597,676.141,175.17368,0.6882637,634.4648,155.76482,1.0,714.5806,125.06823,0.94361496,670.5658,83.63103,0.97903484,696.14874,72.23293,0.87408745
1167,717.5831,183.48593,0.8967289,690.86346,173.59146,0.99209267,653.907,157.07246,0.99879354,723.73254,127.56469,0.9623011,680.75385,83.42234,0.97321314,704.8642,72.33225,0.887946
1168,730.8204,181.17151,1.0,703.79315,173.73782,0.93193954,669.619,158.62817,0.99859786,736.0498,125.83859,0.9703051,687.5945,83.29909,0.90230304,711.7839,71.732574,0.8527918
1169,746.65027,179.31534,1.0,719.79443,174.12592,0.91191596,683.3186,161.1936,0.9997146,742.9837,125.994995,0.8658784,697.7515,81.650055,0.8417111,721.3187,70.71979,0.8152977
1170,762.09894,177.95615,1.0,734.79443,173.59077,1.0,697.5407,163.1759,1.0,754.04944,122.558556,0.75175756,706.56665,78.978455,1.0,730.18286,67.48483,0.89114475
1171,776.9241,177.0901,0.96808255,749.4006,173.81345,1.0,711.2105,164.0772,1.0,763.6799,121.62862,0.7301453,717.143,77.19809,0.97363776,742.3119,66.74642,0.9088251
1172,791.39514,176.63873,1.0,763.9856,174.99431,0.960936,724.81696,163.44006,1.0,769.7746,119.517395,0.8563332,725.8145,76.874626,1.0,750.7054,66.06335,0.96829
1173,807.4821,177.70396,1.0,778.8719,175.81322,0.97198856,736.15656,161.9479,1.0,780.3255,115.15321,0.80536395,733.6398,76.1428,1.0,760.0349,64.25324,0.91629887
1174,821.0604,181.06451,1.0,792.17194,179.05785,0.96357876,750.35266,164.01064,1.0,790.4978,113.44591,0.76794106,741.4824,75.0496,1.0,765.84326,62.846935,1.0
1175,832.83105,184.433,0.7728062,804.043,182.19609,0.9348597,764.56244,166.40814,1.0,802.7833,113.90742,0.83908945,748.90576,74.15196,1.0,773.08154,60.956512,0.96515286
1176,843.01526,186.20775,0.6360522,815.46674,185.36925,0.89281744,776.3565,169.73105,0.93987375,811.5472,113.94869,0.8305949,756.9889,73.77534,1.0,783.0888,59.65687,1.0
1177,842.79724,191.41832,0.8149449,816.11163,191.02647,1.0,781.9264,170.81267,1.0,826.89886,114.42592,0.6249823,763.96436,73.238884,1.0,789.65985,58.981266,0.87906694
1178,842.333,191.89278,0.9303853,812.8636,192.20676,0.9332608,783.755,171.99951,1.0,832.58984,116.955696,0.8025163,773.1662,73.538445,1.0,801.18304,60.100586,0.96819663
1179,843.07025,192.68445,0.93055505,813.29846,192.6587,0.96415687,784.191,173.06859,1.0,843.0291,120.02162,0.73909265,781.22656,75.63572,1.0,808.58954,62.70204,0.871644
1180,843.6839,192.45438,0.9055659,814.92755,192.13885,1.0,783.95935,171.19507,1.0,845.37836,121.48841,0.9073146,788.1471,77.712135,0.97493047,815.73456,63.863625,0.93658787
1181,844.821,191.94853,0.9318897,815.5746,191.89738,1.0,785.0808,170.91805,0.9897078,852.41486,120.44833,0.97854906,794.434,80.45195,0.9142392,823.8243,66.72771,0.96634734
1182,845.8085,190.71498,0.93993044,817.38477,191.2824,1.0,788.6937,169.32202,1.0,859.54944,123.00481,0.9932355,802.38617,79.943596,0.9261918,829.60364,67.981834,1.0
1183,845.3286,191.1242,0.96646446,817.2903,191.56616,1.0,790.71533,166.91565,1.0,867.36383,128.26079,0.8883962,809.8797,81.39709,0.9640874,838.44995,69.0577,0.9422666
1184,845.80365,190.86111,0.9344644,818.1789,191.87862,1.0,793.42596,166.22652,1.0,871.05365,129.71283,0.87513334,817.3639,82.72783,0.9940859,844.51843,70.18976,1.0
1185,844.9632,191.07687,0.777291,818.6393,191.87428,1.0,794.88605,165.41185,1.0,877.8753,128.9618,0.76756126,826.01276,83.4714,0.9362115,853.54175,71.37509,0.8846213
1186,843.89215,191.23573,0.94383115,818.68634,191.8839,1.0,796.1776,163.33647,1.0,884.5437,133.38905,0.6520618,836.8335,84.09262,0.958808,862.81384,71.84681,0.8684838
1187,847.479,190.20741,0.99406534,820.3665,192.1121,1.0,799.26025,161.82408,1.0,894.233,134.868,0.5051872,846.3517,83.19219,0.94642335,875.3579,72.036064,0.90607846
1188,845.4631,192.0275,0.89110166,821.20917,191.95679,1.0,802.41815,160.61435,1.0,905.5763,131.29794,0.4949826,855.61505,84.100914,0.95508903,883.54663,71.969,0.9308312
1189,845.0093,191.72952,0.7817855,821.1196,191.68234,1.0,805.00397,157.92415,1.0,913.58673,131.05055,0.36041108,864.4232,83.63659,0.8612152,891.9161,72.09443,0.88208634
1190,845.683,191.55557,0.88245815,821.08484,190.82977,1.0,809.6715,155.80278,1.0,910.7114,128.31636,0.40440947,872.2406,84.16699,0.97654957,899.3612,71.23502,0.93935907
1191,846.7867,190.98692,0.76849896,821.8166,190.053,0.9690513,814.3572,153.4812,0.97893596,888.88855,129.23041,0.46835387,880.2398,83.918,0.8888936,909.35016,71.42201,0.9388062
1192,846.91046,190.11804,0.6107511,822.7385,188.37398,0.8616618,817.8422,152.15654,0.91594565,927.10333,119.51448,0.34791285,889.4869,82.633995,0.9477042,915.16156,69.9552,0.95031756
1193,847.29767,189.25839,0.59976625,823.7157,186.6412,0.78832424,822.75995,148.88315,0.9981015,944.9132,121.4168,0.38437843,896.9002,83.40106,0.8887599,925.8014,68.583916,0.8828194
1194,848.4773,188.60956,0.7592229,823.58936,184.77863,0.7685982,827.6404,145.66571,1.0,949.7072,116.92157,0.3735454,904.17206,81.19416,0.96661085,931.76483,67.10414,0.8960738
1195,848.4137,188.77536,0.7070307,824.4039,183.61125,0.71306926,831.8907,144.765,0.986235,959.9483,105.98657,0.21478324,910.9763,79.75293,0.70887274,940.15936,63.8544,0.7494989
1196,847.50836,190.59137,0.5059178,826.8395,182.14539,0.6106882,841.8281,144.27675,0.9810276,926.0324,116.29406,0.32881975,917.05975,77.50584,0.9884408,944.3599,64.42633,0.8655812
1197,847.562,191.8427,0.525369,830.01154,179.86836,0.6242251,847.1426,143.13997,0.9906985,970.12036,104.26738,0.23934735,926.13904,73.22408,0.9200953,957.17645,61.24032,0.8064218
1198,846.95807,192.91722,0.57236177,832.5587,175.92943,0.5085617,858.89984,141.89577,1.0,984.29877,101.97737,0.32945496,933.32935,72.15856,0.81926817,962.2435,59.937637,0.87607175
1199,847.9734,193.3353,0.4053814,925.8371,147.87872,0.4967441,873.29846,141.44133,0.8740532,955.00854,110.16792,0.2384795,939.2411,71.29748,0.93055594,969.3431,58.172462,0.7729539
1200,847.26373,192.97606,0.46889114,941.64105,146.11792,0.58742243,892.6628,136.67729,0.8877037,959.70386,110.04691,0.45683375,949.35455,70.46377,1.0,978.685,56.657505,0.9725362
1201,857.7678,188.52045,0.5487178,868.1273,165.18645,0.55305094,905.3837,130.86642,0.9418362,971.5052,106.88738,0.48020622,957.5788,68.924324,1.0,987.2404,54.387062,0.98873615
1202,880.34784,185.47484,0.70769197,885.8864,165.00594,0.7403514,913.88934,130.07526,0.9854186,1018.97656,107.71604,0.5120997,968.6222,68.02516,1.0,999.11523,54.5024,0.95281506
1203,906.81616,187.8629,0.7779501,908.46655,167.1566,0.65512913,926.8005,127.561356,0.9505766,1022.8346,111.4699,0.8193151,976.0226,68.02442,1.0,1006.6337,55.306866,1.0
1204,939.1335,187.96329,0.8775824,933.5205,167.8728,0.69661766,939.7531,128.8884,0.9994966,1035.0408,110.80728,0.89006746,985.4381,69.02684,1.0,1014.65234,56.89798,0.889925
1205,964.9282,183.9173,0.8623441,955.7959,166.74997,0.6863107,949.1997,131.45122,1.0,1043.877,114.11598,0.86586976,992.47986,70.76565,1.0,1023.49713,58.904846,0.97323024
1206,984.0631,180.70386,0.38128284,966.31464,156.38689,0.2854333,959.6472,126.2211,0.8584207,1054.4102,118.88482,0.9440922,1001.0305,70.91624,1.0,1028.9243,61.722607,0.94699365
1207,995.5253,177.81587,0.43313086,981.69183,160.3759,0.76546156,964.6117,127.12087,0.99300826,1066.3512,116.379654,0.8182985,1009.2982,71.0108,1.0,1041.4828,60.78233,0.9614065
1208,1010.734,183.84485,0.66585743,989.9858,158.86366,0.76633745,979.303,129.05139,0.94014406,1078.0099,119.65422,0.6598672,1018.7647,73.55298,1.0,1048.5483,60.79092,0.8582879
1209,1026.5635,191.51308,0.44399676,1004.2099,165.99652,0.6092828,989.9039,134.1133,0.7420049,1074.2844,118.3085,0.88306916,1028.0721,72.47811,1.0,1058.0864,61.832516,0.9160434
1210,1041.9958,193.505,0.8219426,1020.06976,173.74884,0.78867185,999.821,140.58034,0.87198395,1079.7311,121.12097,1.0,1036.3828,73.472496,1.0,1063.7228,63.248917,0.8886723
1211,1057.7314,191.07368,0.96310633,1036.1606,177.27757,0.7144818,1017.97815,145.86066,0.9442236,1088.4835,121.602104,0.9551731,1046.3004,74.19408,1.0,1073.3824,63.09735,0.89809257
1212,1075.3835,189.35397,0.8167863,1050.8933,175.81386,0.84469414,1026.9701,149.15825,0.96155363,1095.7756,119.53802,1.0,1054.0006,74.75394,1.0,1079.9797,64.13619,0.928235
1213,1088.8495,188.11227,0.89355916,1065.8241,173.20753,0.9443477,1038.6151,153.75987,0.9454708,1103.9678,121.53497,1.0,1061.1587,77.01689,1.0,1088.5498,65.2647,1.0
1214,1102.6011,186.60873,0.99284357,1078.4811,173.14043,0.9247426,1047.5693,156.62837,0.9969224,1113.9634,121.60373,1.0,1068.6797,77.8208,1.0,1096.3267,65.48281,0.979989
1215,1115.9913,185.06917,1.0,1090.4365,173.51677,0.9337861,1059.1389,159.21019,1.0,1124.3638,120.74992,1.0,1075.3969,77.56072,1.0,1103.2206,65.22428,1.0
1216,1127.0603,184.21944,0.97554433,1102.2051,173.31354,0.9502748,1070.3567,158.92305,1.0,1131.3047,122.59925,1.0,1083.9476,76.05593,1.0,1111.2668,64.41936,0.9631677
1217,1140.1388,182.92426,0.94357795,1115.564,172.97855,0.966851,1080.5881,160.24812,0.97643,1141.3564,119.28396,0.94939935,1091.3064,75.37821,1.0,1118.5221,63.832455,1.0
1218,1152.366,180.83215,0.91228235,1129.0262,172.84694,0.86715674,1092.2362,160.28822,0.98800886,1149.3259,118.27214,0.9575079,1098.5405,74.05126,1.0,1125.5334,62.634106,0.86897707
1219,1167.6669,178.7484,0.8820105,1142.6431,172.85129,0.95176667,1106.2504,159.32034,0.9550818,1157.1376,112.40188,0.8508089,1104.4303,73.08538,1.0,1131.5205,59.986523,0.9914656
1220,1181.0226,177.97325,0.7553349,1157.8167,173.18744,0.9105542,1117.719,158.50331,0.9780215,1170.0585,113.083206,0.8338261,1112.9943,72.41051,1.0,1137.9705,59.651005,0.89388764
1221,1193.5359,179.33255,0.7799856,1170.6199,176.42589,0.8300835,1130.8065,159.28558,0.94457936,1177.3982,111.40986,0.876959,1118.3699,73.32169,1.0,1144.0845,58.968563,0.82006025
1222,1204.3595,183.69922,0.5252742,1182.0199,179.9254,0.80004054,1141.6062,162.06964,0.9776299,1184.1345,115.04853,0.9782081,1126.9327,73.28677,1.0,1153.5912,57.238827,0.91947776
1223,1217.1968,187.88765,0.4933415,1191.53,183.30925,0.84674734,1152.435,163.27646,1.0,1191.6552,112.34612,0.90018076,1134.6183,71.33168,1.0,1159.8949,56.874565,0.87537646
1224,1218.2097,193.31618,0.775563,1194.9836,187.7175,0.8403117,1160.8032,165.95375,0.98992383,1200.1279,115.23635,0.98160154,1142.987,71.91711,1.0,1169.2661,57.607063,0.8923155
1225,1220.1409,194.5239,0.8957435,1198.692,191.67581,0.94129,1164.2955,166.42987,1.0,1206.2365,115.44705,0.9872957,1150.3964,71.58949,1.0,1177.5823,57.39169,0.9142181
1226,1220.0374,195.21007,0.9511762,1196.7041,193.66736,0.9832787,1164.7797,167.43298,1.0,1213.7985,117.0547,1.0,1157.9099,72.131546,1.0,1185.7446,58.585262,0.90928876
1227,1220.6384,195.61066,1.0,1195.0908,193.97198,0.9713267,1165.028,167.45068,1.0,1228.4404,119.00343,0.90796643,1166.0308,73.45269,1.0,1194.4822,60.444782,0.8804978
1228,1221.0999,195.88373,1.0,1195.6796,193.85489,0.98892623,1166.8948,166.9948,1.0,1233.6644,121.46921,0.9477964,1171.7498,75.49255,1.0,1202.301,62.361095,0.98982906
1229,1221.0903,195.55048,1.0,1196.198,194.2811,1.0,1167.9832,166.43964,1.0,1239.0264,121.79777,0.9563523,1176.8173,78.1814,1.0,1206.5385,64.42696,0.9138791
1230,1220.9739,196.11151,0.96591026,1196.1305,194.74753,1.0,1167.9261,166.04865,1.0,1246.6095,127.340996,0.7945219,1181.4478,79.74148,1.0,1211.2858,65.95828,0.9760364
1231,1220.7032,195.92155,0.9207233,1196.0663,194.74469,1.0,1169.1666,165.30551,1.0,1248.3912,128.22552,0.79687935,1187.2001,80.54061,1.0,1218.495,67.69461,0.9521904
1232,1220.2045,196.0821,0.9458704,1195.8539,195.08203,0.99498117,1170.3933,165.06062,1.0,1253.753,129.21146,0.85066426,1194.0109,81.90041,1.0,1224.832,68.37235,0.9701245
1233,1219.8121,196.69298,0.84211856,1195.8949,195.14941,0.99209434,1172.5637,164.34949,1.0,1263.0461,130.332,0.892591,1201.8184,82.00424,1.0,1237.2944,68.86977,0.9276363
1234,1219.502,196.21811,0.8849115,1196.4769,195.27469,0.97291833,1174.6359,162.96216,1.0,1265.2487,133.38141,0.8000156,1208.6497,82.16391,1.0,1243.1921,68.6976,0.95665777
1235,1218.8031,196.0384,0.8146867,1197.1376,194.93253,0.9387681,1176.5958,162.22272,0.99437165,1266.73,132.65414,0.6518678,1217.1708,82.25141,0.95256144,1250.214,68.13286,0.95745325
1236,1219.5259,195.37321,0.6772412,1197.8004,194.8551,0.861947,1178.7899,160.26944,0.9977317,1277.5577,130.84189,0.5212647,1223.7272,82.04592,0.997238,1257.8304,68.34047,0.94211364
1237,1220.0828,194.83095,0.6380519,1199.8114,194.17249,0.8140718,1181.2993,159.185,1.0,1281.4064,128.72379,0.5893435,1230.8785,81.53743,0.9366154,1263.642,67.81074,0.9795073
1238,1220.6171,192.35939,0.60475785,1200.268,193.55264,0.79805654,1185.3683,155.88843,0.9608453,1279.7218,127.46902,0.44566822,1237.2828,80.88183,1.0,1270.8079,67.35602,0.97637415
1239,1220.0167,193.695,0.675368,1200.9043,192.60341,0.7906529,1187.0171,154.61165,0.97945344,1300.6691,127.20068,0.4463626,1242.546,80.22801,0.921174,1276.0879,64.424324,0.94384074
1240,1219.9137,193.07135,0.55969214,1200.447,191.04727,0.7362275,1190.2032,153.95622,0.96550405,1256.9802,129.17245,0.35422263,1246.2118,80.681046,0.92243063,1281.2584,64.80683,0.93868273
1241,1222.2643,191.90172,0.6145259,1200.286,189.99539,0.67657536,1194.2097,150.67729,1.0,1264.6636,129.03633,0.46707854,1254.5103,79.21505,1.0,1291.688,62.392284,0.8239944
1242,1223.7745,191.74191,0.6435646,1201.5785,187.9368,0.7483979,1198.1335,147.7445,1.0,1319.814,117.120514,0.4102642,1257.7286,78.40343,0.897664,1294.4326,62.407486,0.84757996
1243,1223.841,192.30093,0.6986908,1202.9589,186.63123,0.7731962,1201.1377,147.44414,1.0,1331.2972,113.521286,0.41432133,1266.0305,75.49473,1.0,1299.9868,58.12586,0.8859757
1244,1224.4193,191.74306,0.62503046,1203.7438,183.9911,0.70751184,1206.5897,145.98589,1.0,1290.6925,114.60354,0.3486958,1273.6077,72.99858,0.99828815,1306.9095,57.42905,0.8467345
1245,1225.212,193.1148,0.55941635,1205.2375,183.46129,0.6397962,1214.5905,144.29434,1.0,1297.2164,113.52801,0.60026884,1280.6769,70.53403,1.0,1313.5502,55.10216,0.8909982
1246,1224.5851,195.66174,0.569411,1207.043,180.42592,0.6523889,1224.4354,140.63712,0.99437654,1305.6669,109.53711,0.4080963,1290.812,66.928734,0.9461717,1326.2401,51.76882,0.7567159
1247,1223.7761,197.06229,0.5391469,1213.9347,176.50229,0.5299684,1237.0776,138.75978,1.0,1310.1674,110.43331,0.41599497,1298.9916,64.42331,1.0,1330.2941,48.651405,0.8521446
1248,1225.1566,193.81247,0.3345478,1226.7122,176.5127,0.40398902,1251.619,133.88077,1.0,1356.7911,104.833954,0.44858122,1306.7625,61.513733,1.0,1337.7246,46.503983,0.72575593
1249,1222.7299,186.53122,0.17936331,1245.1202,166.67319,0.36380845,1262.6499,127.97468,0.9725511,1365.4207,103.05643,0.47874567,1313.5892,60.564846,1.0,1345.9121,47.604084,0.7852354
1250,1253.1205,184.4653,0.5604361,1256.2963,165.6672,0.4956919,1272.9733,128.28906,0.8200021,1372.2517,105.05792,0.8457139,1323.3942,60.400295,1.0,1351.69,48.722633,0.8073039
1251,1282.8359,182.3953,0.13548951,1270.2103,142.16245,0.30764064,1282.3989,119.94092,0.55233455,1378.6738,105.37389,0.546725,1325.515,62.178688,0.978453,1355.1504,50.15466,0.99630046
1252,1365.1478,194.09763,0.42590785,1293.3445,153.65604,0.19791603,1292.0549,117.342834,1.0,1388.0719,108.42408,0.91189635,1332.3431,63.481247,1.0,1360.6404,53.15222,1.0
1253,1323.6432,179.21133,0.39569607,1309.1802,156.25533,0.5686016,1299.4392,116.74702,0.9637083,1399.1368,110.416725,0.72731775,1338.902,64.84054,1.0,1367.2235,53.71679,0.9029412
1254,1342.2433,181.40019,0.4286415,1320.9001,159.52802,0.64376074,1309.1475,121.23165,0.9567461,1405.6108,114.09559,0.62012845,1340.8281,67.037796,1.0,1371.7074,55.164944,0.91152763
1255,1360.993,190.53954,0.62669754,1335.8488,162.74934,0.76779187,1321.0054,124.88917,0.9327032,1408.3629,118.29508,0.6849171,1347.8195,67.91415,1.0,1377.5493,56.031975,0.9118282
1256,1366.2817,190.71457,0.7297062,1345.5173,163.57791,0.74193066,1328.1458,127.79467,0.9367261,1416.1278,119.69584,0.92718977,1355.2003,68.86342,1.0,1385.193,58.351143,0.78252196
1257,1375.9103,186.6644,0.8893009,1353.4341,162.50764,0.7860913,1336.3479,130.74216,0.7676035,1414.7269,119.84889,1.0,1362.2771,71.025185,1.0,1391.8419,59.486637,0.84290767
1258,1386.9135,186.18298,0.85530335,1365.2555,166.30626,0.8181305,1343.8242,135.78714,0.8720401,1420.6672,119.312645,1.0,1368.0132,72.74089,1.0,1396.4425,60.67269,0.8931782
1259,1401.1882,187.55,0.9659166,1376.9143,170.33238,0.76952815,1353.1024,142.55368,0.8561091,1427.4005,119.017586,1.0,1372.9525,74.735306,1.0,1402.0122,60.78869,0.8092104
1260,1411.9968,187.61685,0.94868964,1388.8839,168.12752,0.7956892,1358.6018,144.16159,0.8172959,1436.8141,117.53345,1.0,1383.3235,74.34384,1.0,1410.8805,61.52983,0.8688537
1261,1423.5874,185.42476,0.92053133,1398.4264,169.89964,0.8743138,1370.1622,148.80371,0.72919405,1441.755,120.76066,0.92951524,1388.821,75.05397,1.0,1416.0879,62.21425,0.896583
1262,1434.2316,184.58447,0.9573926,1409.1741,169.96396,0.8114509,1380.9174,154.9754,0.78874063,1450.4181,118.5358,1.0,1396.4473,76.533745,1.0,1424.7024,62.682426,0.8943793
1263,1447.0187,182.91817,0.9537529,1420.629,171.02553,0.9060619,1389.7854,158.32384,0.83303356,1455.4299,119.096855,0.93032473,1403.4049,75.45304,1.0,1430.7765,63.8161,0.9039102
1264,1457.5248,182.01486,1.0,1430.6385,171.02205,0.9246946,1398.5966,160.23285,0.9191227,1461.834,118.61423,0.91751224,1407.5636,76.72605,0.9932983,1436.3384,62.73903,1.0
1265,1467.2281,180.69531,1.0,1440.8076,171.24445,0.97324175,1407.4777,162.0001,0.8477671,1472.056,120.08763,0.8992424,1415.0752,75.6024,1.0,1443.3894,62.171814,0.983829
1266,1479.2606,180.47707,1.0,1451.6932,172.02087,1.0,1415.1797,162.59666,0.94111115,1477.2511,119.93088,0.8898949,1419.8142,75.47882,1.0,1448.9071,62.49106,0.8944246
1267,1490.195,179.81036,1.0,1464.1816,172.9458,0.9592062,1427.257,163.6488,0.976591,1487.8444,116.168625,0.86932486,1424.2109,76.002205,1.0,1454.3162,61.40479,0.9783899
1268,1502.3756,179.55963,1.0,1474.8499,173.8841,0.9511101,1436.4474,163.69595,0.9789169,1494.7026,117.04967,0.9269888,1431.5542,74.48706,1.0,1460.1859,60.336346,0.9442061
1269,1513.7401,179.49615,1.0,1488.2363,174.5053,0.892685,1447.81,165.54852,0.86971515,1501.1469,115.09476,0.85788906,1435.9707,75.028786,1.0,1464.3167,59.61104,0.85179275
1270,1525.8353,179.84776,1.0,1497.714,176.24088,0.84845054,1458.176,166.16505,0.9555526,1507.5498,116.00904,0.99919015,1441.9396,74.37429,1.0,1471.2378,58.901325,0.9040359
1271,1537.4325,181.71114,0.8673751,1507.5553,178.06795,0.94523555,1469.6864,167.68266,0.99416304,1517.4703,117.78805,0.9814518,1448.6758,72.76579,1.0,1477.5885,57.471527,0.8283686
1272,1549.3705,183.04344,0.85083,1520.8372,181.63402,0.9199063,1479.0101,169.72237,0.9746605,1520.5771,118.36772,1.0,1454.6039,73.2882,1.0,1484.8774,58.145416,0.8831674
1273,1555.9232,184.92451,0.73006415,1528.5314,184.14989,0.8043491,1486.0662,170.53859,1.0,1525.9766,117.28149,0.95145637,1459.3751,71.05106,1.0,1490.6088,56.523964,0.9176204
1274,1559.4727,186.49194,0.6498798,1533.3474,185.9167,0.75675035,1492.427,170.96062,1.0,1533.8425,116.71892,0.9853793,1466.5326,69.628365,1.0,1498.3585,54.340084,0.99967265
1275,1560.5894,189.94243,0.5821988,1538.108,192.17717,0.84187955,1498.1732,171.23895,1.0,1537.7843,116.8356,0.93476784,1471.848,69.6391,1.0,1501.6218,55.186043,0.9511564
1276,1569.1305,190.87439,0.6255636,1537.5918,193.26857,0.8317706,1499.6516,172.54164,1.0,1545.8068,119.398415,1.0,1478.5294,69.82852,1.0,1509.7863,54.591476,0.8761872
1277,1569.954,190.03712,0.5800655,1534.8685,194.28296,0.8044117,1499.0809,172.65889,1.0,1549.8816,120.771164,1.0,1487.297,67.7625,1.0,1517.1562,53.72635,0.9732485
1278,1569.2532,193.78534,0.7491976,1534.1965,194.13942,0.8437893,1499.5406,172.92386,1.0,1553.6945,120.6365,1.0,1493.0859,68.73523,1.0,1523.6583,53.382538,0.9887855
1279,1565.3511,194.4442,0.93315303,1533.403,194.3156,0.97221774,1500.3685,172.8138,1.0,1559.6416,121.73724,1.0,1497.661,71.47668,1.0,1531.0139,55.613594,0.92417175
1280,1565.3738,194.06874,1.0,1533.2262,194.02611,1.0,1501.5665,172.66806,1.0,1562.7126,124.12937,1.0,1503.0894,71.06942,1.0,1534.7115,56.57565,0.9146543
1281,1565.657,194.33441,1.0,1533.4471,194.48347,1.0,1503.2728,172.8731,1.0,1570.8052,124.453255,1.0,1504.3375,73.88516,1.0,1536.3387,59.434444,0.978957
1282,1565.8615,194.49707,1.0,1534.0017,194.13937,0.9975484,1504.4447,172.90585,1.0,1573.8761,128.64743,0.94815415,1509.803,74.2378,1.0,1542.0037,61.194492,0.97228515
1283,1565.9819,194.71364,1.0,1533.5449,193.42213,0.92513096,1505.246,172.56113,1.0,1577.36,130.40233,1.0,1513.9554,74.85949,1.0,1545.8685,63.23091,0.96216846
1284,1566.3834,195.0576,1.0,1533.83,193.7824,0.94896305,1506.8564,172.56384,1.0,1580.6965,134.05779,1.0,1519.9026,75.78034,0.9372302,1551.4119,63.314495,1.0
1285,1566.661,194.66798,1.0,1534.1698,193.56587,0.9403343,1507.4963,170.60757,1.0,1591.0455,132.62656,1.0,1525.4269,79.45535,0.9898215,1557.1062,64.69919,0.92700785
1286,1567.1484,194.65866,1.0,1535.852,193.50238,0.99336416,1509.2018,169.85652,1.0,1597.2908,133.86546,1.0,1530.5366,78.3911,0.97363275,1560.4354,65.05619,0.9670093
1287,1567.2174,194.30188,1.0,1535.9329,193.94528,0.9867448,1508.9421,168.90121,1.0,1601.7142,133.68643,1.0,1535.5261,79.464745,0.9637915,1565.4359,65.99062,0.95756745
1288,1567.7847,194.6656,1.0,1537.7164,193.10837,0.98079705,1512.683,168.19951,0.9763018,1605.3568,133.7987,1.0,1539.3877,81.909996,1.0,1570.3282,66.70507,0.93495363
1289,1567.2793,194.5675,1.0,1537.5214,193.24287,1.0,1511.4681,167.2755,1.0,1610.0995,132.96304,1.0,1542.683,81.30958,1.0,1574.9768,66.932884,0.9971665
1290,1567.6844,194.9121,1.0,1538.0559,193.61787,0.98335963,1512.8264,164.99133,1.0,1616.4369,132.79063,1.0,1546.7319,81.09013,1.0,1579.0488,65.85632,0.9861694
1291,1567.4489,195.03458,1.0,1538.0165,193.83102,0.9671444,1514.2637,163.8299,1.0,1619.1145,132.24405,1.0,1550.2073,81.55027,1.0,1582.4323,66.44579,1.0
1292,1567.3568,195.12604,0.78313845,1538.4865,192.86058,0.90870184,1515.6967,162.80324,1.0,1625.8593,129.28229,0.9016771,1554.6345,81.93085,1.0,1588.483,66.78418,1.0
1293,1567.0449,193.46545,0.920585,1537.8403,193.19669,0.92140216,1517.6372,161.97661,1.0,1632.6235,129.4214,0.91522056,1560.3182,81.40397,0.9959523,1593.4255,65.7251,0.9728946
1294,1566.9576,193.1831,0.8871227,1538.1207,193.45074,0.9165055,1519.2609,160.90659,1.0,1636.4268,129.81935,0.91694343,1563.7917,80.90527,1.0,1598.803,66.25665,1.0
1295,1569.2098,192.23265,0.9383451,1540.2559,192.8808,0.92930084,1522.0106,159.77551,1.0,1638.4214,128.49348,0.8979743,1569.9008,81.68538,1.0,1605.5143,65.09523,0.990312
1296,1569.4529,194.74304,0.9781487,1540.6686,193.60384,0.97527856,1523.5049,159.37396,1.0,1641.7513,126.9582,0.7634931,1576.2384,81.298935,0.9704061,1613.0723,63.47394,0.9504444
1297,1568.4032,194.67812,0.9588929,1540.0667,193.52457,1.0,1525.8973,158.03831,1.0,1645.6561,127.65469,0.7687752,1580.0599,79.580894,0.9342188,1616.3582,62.264698,0.9460889
1298,1568.1938,194.90015,0.95817214,1540.3763,193.39879,1.0,1528.6538,156.79562,1.0,1646.5475,126.144394,0.51874185,1585.9358,79.17815,1.0,1618.323,61.583637,0.96058345
1299,1568.5823,194.10602,0.96980447,1540.1411,193.15553,1.0,1531.2642,154.91714,1.0,1651.6083,123.56358,0.7874804,1591.0314,76.36292,1.0,1625.139,59.189434,0.89653254
1300,1568.8818,193.51416,0.9335152,1540.2963,192.42267,0.99638206,1534.7444,154.71115,1.0,1655.0402,123.589645,0.6689529,1593.6752,75.67834,1.0,1628.332,59.394726,0.89154667
1301,1568.428,193.86465,0.8729449,1541.0099,192.07309,1.0,1535.8146,152.6212,0.96358454,1659.1033,122.18647,0.5705454,1596.3717,76.04656,0.9719272,1632.2704,59.404366,0.8788847
1302,1568.6296,193.50241,0.83921826,1541.074,191.51204,1.0,1537.4287,152.30196,0.97739226,1662.509,120.958954,0.6551297,1597.9674,74.35083,0.9442109,1632.1633,56.288868,0.78340375
1303,1568.7632,193.20514,0.70811945,1541.8488,190.32832,1.0,1540.6626,150.35411,1.0,1668.1982,120.0362,0.78836846,1601.0322,74.96289,1.0,1635.4365,55.425774,0.83965075
1304,1568.631,193.64452,0.7232985,1542.3259,188.48245,0.9629349,1545.0195,149.04752,0.9647269,1668.9928,115.76372,0.8065375,1610.5809,70.09053,1.0,1641.1082,53.181072,0.7971295
1305,1568.6338,193.11624,0.8100398,1542.9028,186.3761,0.86805195,1549.1094,147.10349,0.9914218,1675.3757,113.546265,0.6932971,1617.6384,66.846535,1.0,1645.8088,51.68008,0.88465613
1306,1568.6821,193.41818,0.9585476,1544.0916,184.6289,0.83892214,1552.8162,145.6691,0.9292072,1678.3279,111.942276,0.64690995,1623.5825,63.82812,1.0,1652.01,48.594193,0.87008464
1307,1567.8667,194.64252,1.0,1543.9924,184.00645,0.8514455,1557.8212,145.73207,1.0,1680.8036,109.35501,0.69161004,1629.604,62.169807,1.0,1656.8297,47.928528,0.8672911
1308,1567.9125,195.59128,0.87971884,1547.866,179.70882,0.8662564,1565.7034,143.79425,0.92429566,1681.3751,106.29022,0.79568404,1633.2697,60.466236,1.0,1663.6223,47.709694,0.92029184
1309,1568.4613,197.53835,0.87554127,1551.7938,175.25317,0.8998185,1575.8759,141.02164,0.98752373,1691.3444,102.59635,0.78193253,1637.7883,57.504517,1.0,1667.5374,44.935276,1.0
1310,1568.3923,198.28094,0.9366565,1560.1848,171.18118,0.849116,1585.2836,140.97688,0.92779,1691.7911,102.865234,0.67942554,1641.3484,55.957558,1.0,1672.9216,43.854362,0.9614887
1311,1569.9706,197.06393,0.86674684,1567.2373,170.20389,0.8190381,1594.183,139.18231,0.82549775,1699.7314,103.59393,0.7606862,1646.6083,54.385033,0.9925383,1678.733,43.222256,0.9778414
1312,1578.1721,190.81877,0.6434375,1580.0144,166.41801,0.5847777,1603.4695,133.98389,0.72795105,1706.1367,103.89878,0.72011226,1651.5046,53.868755,1.0,1682.2375,42.519295,0.9794726
1313,1596.2086,187.63608,0.59898084,1597.0327,168.22743,0.4667341,1615.713,130.20659,0.56802547,1716.3903,100.13285,0.9187345,1656.1428,54.3576,1.0,1687.7825,42.73352,0.8439353
1314,1697.4906,194.48903,0.4936722,1663.9521,193.01913,0.2713728,1624.7144,123.24961,0.7312018,1723.2845,101.49283,0.8914128,1661.339,54.713577,1.0,1694.3845,44.52002,0.9555821
1315,1697.8726,193.72125,0.49359572,1638.0186,163.04187,0.25741267,1635.1544,121.14162,0.43177918,1724.981,105.26599,0.8797805,1665.1731,57.078102,1.0,1697.5018,45.335705,0.8845686
1316,1698.341,193.97118,0.50017655,1653.1948,166.08798,0.38321108,1639.6134,118.71675,0.9292513,1734.3634,100.14378,0.966129,1671.8733,54.597954,1.0,1703.7285,44.80604,0.8428261
1317,1697.6837,192.3366,0.64957434,1666.7689,160.47006,0.7578511,1647.8197,120.396706,0.9388952,1738.1941,104.51158,0.9724476,1675.4376,56.13036,1.0,1708.6283,46.20019,0.82877856
1318,1698.5641,192.02878,0.6798358,1676.2668,159.01764,0.83417517,1657.0562,124.406685,0.8864815,1746.1648,102.57187,0.8922502,1682.0326,57.31227,1.0,1714.8473,44.747772,0.8404681
1319,1702.1172,190.01184,0.71346885,1683.0741,158.59073,0.8537728,1665.3813,126.868904,0.8043137,1755.2107,108.3843,0.7382945,1690.1469,58.913334,1.0,1723.8466,46.572273,0.8268548
1320,1711.4344,186.20267,0.6185245,1691.125,159.34044,0.90182763,1671.1786,131.94019,0.88539374,1754.4578,117.82695,0.90374607,1697.6248,61.52179,1.0,1731.2312,49.101086,0.8254024
1321,1722.581,182.46465,0.6471587,1699.7206,161.47333,0.73125523,1681.6056,134.24945,0.54126394,1754.409,117.83445,0.9881345,1703.2134,62.816208,1.0,1735.635,49.919098,0.86318856
1322,1733.3152,184.97691,0.6005225,1707.1503,161.45477,0.5644713,1688.4043,137.01236,0.59324735,1759.459,118.33916,0.95698386,1710.441,63.177082,1.0,1738.9491,52.922333,0.8050444
1323,1743.2374,186.39868,0.6607417,1717.7738,164.99696,0.6758381,1697.4999,137.66545,0.6419723,1766.2039,117.4583,1.0,1711.0619,64.919525,1.0,1736.4283,55.31511,0.82444143
1324,1750.4768,186.40527,0.62192434,1723.8909,165.04497,0.6418473,1701.8245,140.43634,0.6557813,1772.3961,117.537186,1.0,1712.5717,68.387276,1.0,1739.1932,58.5468,0.81163394
1325,1760.0266,188.59732,0.54880863,1732.7754,166.62938,0.5935517,1707.1677,140.43991,0.5517823,1780.3607,117.170364,0.7547842,1717.927,70.093506,0.9416973,1747.507,60.055588,0.7176112
1326,1766.6017,187.42778,0.5352088,1737.1353,165.85457,0.65056163,1709.3577,138.61555,0.66831213,1784.8228,118.89825,0.8232756,1723.3175,69.36478,0.9711812,1752.262,60.181274,0.6156423
1327,1775.7627,186.54056,0.599287,1744.9093,166.488,0.59810525,1716.4447,143.46437,0.76445866,1790.0026,115.85045,0.7193087,1726.5951,71.04796,0.9479474,1755.6686,61.41174,0.77075464
1328,1783.1923,185.56223,0.5347232,1754.9467,167.1867,0.5440064,1722.2316,145.65286,0.6843462,1799.1365,116.888596,0.8008404,1735.4005,71.03529,0.99956757,1765.0833,59.414654,0.7587674
1329,1794.6337,185.84378,0.6115851,1766.5167,167.78412,0.73384064,1729.4703,149.2472,0.8445097,1805.4269,118.36181,0.8174446,1741.6348,71.25616,0.97085506,1769.1,60.928345,0.71021885
1330,1800.4946,185.55327,0.64635557,1773.6042,168.53642,0.7779501,1737.912,151.69464,0.70447147,1810.8882,117.00569,0.63682514,1747.5039,71.12093,0.9289214,1776.3892,60.119236,0.7126529
1331,1812.4866,186.40126,0.45590842,1783.9879,169.73097,0.70953256,1748.8662,154.15295,0.671209,1817.1348,117.01674,0.67483383,1756.8334,70.998474,0.9129469,1784.2899,59.66111,0.6527117
1332,1816.2891,186.37418,0.56584823,1789.1135,170.91336,0.77166903,1755.4585,155.83086,0.7504627,1821.4613,115.50817,0.7436886,1759.3406,70.89663,0.9701947,1788.0813,60.737976,0.7838268
1333,1825.7941,184.46516,0.5344587,1796.9717,169.51974,0.86203426,1765.343,154.85443,0.7566874,1828.0109,116.56621,0.68601763,1765.9817,71.0862,0.9758859,1797.5024,59.984264,0.79051495
1334,1830.5922,184.26956,0.7816832,1803.5974,169.22751,0.9223166,1771.1674,154.52585,0.7693397,1832.1569,113.57869,0.7420392,1773.561,69.35239,1.0,1802.1625,58.84488,0.7746647
1335,1839.568,181.51617,0.54043084,1812.5674,168.94002,0.90524644,1780.5509,154.85506,0.8583071,1838.1644,111.490906,0.754659,1776.1672,69.30847,0.9536957,1805.6823,58.60004,0.7696914
1336,1847.0654,181.0338,0.88244444,1818.996,167.55362,0.8650922,1787.0897,153.82593,0.7281909,1848.1029,111.127106,0.8928391,1785.0753,67.498245,1.0,1816.4263,57.97144,0.7034472
1337,1856.952,180.87828,0.7339191,1827.5471,167.58376,0.936886,1793.5754,154.51564,0.90265393,1855.5203,108.42596,0.8533607,1791.6156,66.52334,0.97472775,1821.8596,56.769478,0.7837577
1338,1865.0486,179.91556,0.6651304,1838.2543,167.07323,0.82158154,1801.792,154.56467,0.8600354,1865.1195,107.92483,0.6878251,1800.6912,64.204056,1.0,1831.8174,54.13804,0.82023287
1339,1878.6069,176.7628,0.60227305,1849.5272,166.89243,0.8938429,1807.4023,156.05249,0.97729516,1872.112,104.45484,0.7766885,1804.8033,62.187923,1.0,1834.3483,52.48549,0.99492705
1340,1888.538,179.87077,0.73079324,1858.3236,169.4248,0.83923835,1817.4764,155.92932,1.0,1879.83,103.55096,0.7977645,1812.3698,60.828583,1.0,1843.9015,50.033245,0.93423885
1341,1898.6924,179.36441,0.68409324,1866.7635,171.12221,0.82643735,1828.1119,156.81311,0.9922236,1892.9958,101.8147,0.7582177,1814.693,60.272808,1.0,1846.6547,45.85895,0.7812393
1342,1908.9222,183.46997,0.64179987,1877.0647,174.58955,0.80258995,1837.8125,157.95224,0.9559407,1896.8627,105.10304,0.8297306,1818.459,60.3993,0.99502826,1852.9076,44.265182,0.8555137
1343,1913.2145,182.72398,0.5947785,1679.7617,175.73642,0.750047,1843.8348,158.57182,1.0,1902.4486,104.705,0.5651753,1825.8481,58.06475,1.0,1860.3818,44.070995,0.82716316
1344,1698.6146,197.50998,0.6823269,1683.2555,172.92253,0.7937441,1852.0039,159.58276,0.94127136,1909.0355,103.32609,0.586439,1831.1849,55.438522,0.9038765,1863.0981,41.35284,0.63245314
1345,1697.2991,198.30107,0.69017947,1903.8502,184.71939,0.798914,1858.0272,160.74954,1.0,1911.6105,100.973045,0.4916001,1836.0908,54.740456,0.9242928,1867.7312,41.79745,0.8110343
1346,1699.0225,195.82108,0.4933604,1905.1584,186.51779,0.9587483,1862.108,162.13417,1.0,1910.8231,101.63288,0.5018186,1842.1466,54.643063,1.0,1874.4426,41.680386,0.81766194
1347,1706.5007,187.47676,0.2832008,1904.8475,190.77858,0.9477516,1863.6074,162.67209,0.9972799,1916.3994,102.51634,0.5620004,1850.1084,54.238026,1.0,1883.9595,42.83764,0.7800298
1348,1919.2971,196.34068,0.2593883,1902.2144,193.63234,0.8601242,1864.4478,165.48978,0.8952229,1919.4048,106.49857,0.53969187,1861.5308,53.30562,0.853926,1895.1674,38.921516,0.60867363
1349,1919.4412,195.9242,0.2570272,1901.3804,193.48676,0.8193528,1864.6003,166.12285,0.9446738,1922.6936,105.719765,0.3353486,1865.9758,56.518135,0.80509657,1903.4856,39.755867,0.54501057
1350,1919.5636,196.13347,0.24932423,1899.8032,193.81194,0.7719647,1865.5952,166.06812,1.0,1923.9578,107.68615,0.26267153,1866.8367,60.864296,0.80593985,1902.8647,46.002323,0.41554362
1351,1919.3035,195.86777,0.27384126,1900.5146,193.66098,0.75875276,1869.7041,167.63225,1.0,1926.4418,109.54996,0.18970908,1880.8401,61.57405,0.8505174,1917.985,46.73266,0.48231187
1352,1919.6884,196.29332,0.24211855,1900.5342,193.60852,0.75386816,1869.2585,166.99272,1.0,1925.4698,117.2064,0.11459488,1886.3938,64.446045,0.8316463,1918.5697,52.53264,0.44310352
1353,1919.6322,196.43324,0.23901686,1900.847,193.3273,0.78095317,1869.3418,166.37865,1.0,1925.437,115.53688,0.123785555,1894.6051,68.16025,0.49684438,1924.8395,54.716187,0.23026296
1354,1919.9973,196.37987,0.20427482,1902.3452,193.48006,0.772145,1870.0999,166.33508,1.0,1921.9716,119.504166,0.09013275,1907.7047,69.29716,0.24820472,1921.0983,60.414635,0.1540629
1355,1918.8713,213.07545,0.14416549,1900.7698,191.8128,0.7825827,1869.6874,165.36989,1.0,1901.7039,115.44402,0.15912591,1717.0139,125.20376,0.13490923,1750.0509,134.55176,0.09475957
1356,1918.772,213.94951,0.12397028,1903.453,193.0971,0.74732894,1871.9126,165.2544,1.0,1901.6536,113.00228,0.14503382,1859.9156,86.03964,0.22038434,1866.4016,77.02576,0.13074735
1357,1922.9794,190.8787,0.062011376,1906.5458,192.70753,0.70327705,1873.2968,164.99649,1.0,1906.5238,114.570496,0.26480266,1863.7781,88.313736,0.2294371,1872.9434,76.82684,0.21878348
1358,1923.2131,195.20682,0.04099233,1910.4841,192.89743,0.55240226,1874.5396,164.30861,1.0,1915.935,115.86786,0.23648001,1867.5253,89.42028,0.15807427,1882.3427,79.71947,0.15737368
1359,1923.829,194.76773,0.083289884,1909.1503,192.46144,0.7722737,1876.7042,164.18927,1.0,1918.296,116.371956,0.304238,1862.1521,93.514694,0.21603513,1884.8429,80.94214,0.1884241
1360,1922.8259,195.55965,0.09845538,1907.2742,192.69434,0.8468582,1879.849,163.31142,1.0,1919.6702,117.23858,0.19630757,1915.1245,73.72881,0.23009618,1892.7451,79.69353,0.14111587
1361,1922.0826,194.88374,0.16022453,1905.8462,192.16725,0.8165993,1881.8242,160.95949,0.954877,1922.1538,117.45334,0.13311054,1913.8754,76.863434,0.26298308,1894.0872,81.922325,0.16125256
1362,1915.6438,193.15627,0.27157015,1901.2046,190.23544,0.6353064,1885.4261,158.96527,1.0,1923.4218,123.47627,0.07362092,1905.8745,82.17009,0.25357342,1894.291,84.79748,0.053533487
1363,1915.7456,192.8221,0.2531187,1902.9983,190.29192,0.58398926,1889.0128,156.60596,1.0,1923.0284,123.87072,0.055636466,1915.4182,81.57688,0.30971998,1911.1764,96.92181,0.031274647
1364,1917.2311,192.4996,0.2450871,1902.9088,189.84538,0.5554506,1890.8112,156.43726,1.0,1923.411,103.54177,0.065591395,1911.7859,81.39749,0.3466888,1921.5579,78.764565,0.06052046
1365,1915.4316,191.03622,0.22497544,1904.2211,190.10573,0.58683,1893.0106,155.01328,1.0,1926.3809,105.307144,0.07067043,1917.5183,80.22339,0.19313881,1832.9562,142.67705,0.16344424
1366,1917.7543,190.89699,0.37837428,1903.523,189.06361,0.75431985,1895.9487,153.72418,1.0,1922.848,101.97139,0.057250187,1917.176,81.9257,0.21712665,1833.442,141.9039,0.10798441
1367,1915.7903,190.72977,0.38832906,1900.7643,186.8369,0.71219003,1900.1431,149.75673,1.0,1923.1445,100.77123,0.044853788,1918.4989,81.219406,0.21682918,1923.9377,77.20912,0.065415084
1368,1918.7463,192.6912,0.286497,1903.9636,189.31976,0.7469574,1903.7533,150.96619,0.9148463,1923.6296,100.178185,0.028170064,1915.7914,81.18741,0.119594656,1848.4,143.09695,0.04935665
1369,1914.6674,193.46184,0.101664275,1901.6672,184.3832,0.41134375,1909.0101,146.95142,0.7591778,1901.081,165.27487,0.058403306,1875.382,253.74817,0.06956063,1916.1719,175.44942,0.04999251
1370,1908.169,197.22511,0.0919278,1891.652,176.456,0.14790998,1908.5331,149.95282,0.47937125,7.2199554,94.47219,0.01743232,1860.9883,255.87547,0.14424905,1891.708,248.36044,0.06293214
1371,1913.9673,192.49712,0.03465939,1899.1575,165.21172,0.014359458,1914.6472,137.28307,0.067601725,1922.673,98.222626,0.0142399585,1836.6147,145.12282,0.07429308,1892.0358,250.0155,0.036359955
1372,1915.766,168.73741,0.012392559,1901.8695,169.63106,0.04081847,1915.3302,85.4181,0.03055055,1879.9719,247.27135,0.009972672,1876.7291,254.34396,0.08351298,1892.3726,249.03323,0.045911632
1373,1799.9331,186.9866,0.011093238,1903.4207,174.89172,0.03689702,1916.7137,167.15746,0.03725651,1649.9194,113.66116,0.0096033495,1876.1124,254.37518,0.06198614,1889.2532,172.6661,0.020347545
1374,1921.4308,147.1136,0.013199339,1901.613,129.75221,0.026365247,1916.5101,164.6631,0.039859936,1911.8794,261.8776,0.013816577,1886.4368,253.09628,0.07769526,1663.255,145.94237,0.030387035
1375,1917.8654,128.89243,0.013975259,1901.5247,175.60638,0.027199185,1695.6611,129.2503,0.09010505,1740.6322,108.503586,0.017989814,1887.2076,252.62659,0.07207208,899.3962,117.97352,0.045920137
1376,1915.2683,122.550835,0.030100603,1724.893,129.36421,0.036204252,1696.5009,131.85674,0.2062376,1740.491,108.31962,0.019020395,1885.7145,251.81627,0.11074578,901.4002,107.40026,0.047616567
1377,1915.9822,121.09245,0.023912525,15.513044,115.725334,0.020133665,1700.2646,126.25931,0.040602453,1740.193,107.854675,0.016141493,1877.8184,253.54019,0.0892647,914.74097,102.6213,0.058287192
1378,1912.5707,100.249374,0.021264594,15.018436,115.890205,0.022764105,1702.531,134.65065,0.039595194,1904.0125,196.60887,0.017264081,1885.9672,253.86235,0.07722078,908.2137,105.15238,0.022196624
1379,1913.0605,100.68182,0.030366706,15.128874,116.16048,0.024789812,1701.8613,135.63329,0.035770476,1903.5231,196.98946,0.016564948,1879.1061,254.0022,0.10007717,899.5888,117.214165,0.027179042
1380,1913.4795,99.35427,0.029853698,6.521652,112.69685,0.03204353,1690.9243,135.55884,0.084095985,1910.6514,198.60294,0.018888501,1877.9684,253.91145,0.08799199,10.871486,115.05461,0.021708893
1381,1700.7836,134.31895,0.04399269,1728.4119,128.48108,0.11546177,1696.0555,134.64464,0.44096845,1743.438,108.98586,0.03008785,1877.7063,254.31299,0.1293716,1888.8318,245.91006,0.030811822
1382,16.618198,114.74155,0.036138147,1730.8689,127.03067,0.21585973,1699.1979,132.5878,0.6168523,23.924135,88.841385,0.027982052,881.5917,121.56984,0.081786714,910.6909,105.01343,0.0947109
1383,1762.1218,120.60718,0.049469523,1738.9067,122.89534,0.16329503,1703.3761,129.78558,0.72563416,1727.3577,74.786995,0.033276927,1885.6051,253.37387,0.106847584,899.00946,118.84949,0.030626537
1384,24.91629,114.984825,0.048235536,1730.6884,122.22748,0.15844584,1704.7076,124.213196,0.36733392,23.051785,89.092155,0.02888528,1886.6503,252.56277,0.092776924,1805.435,180.01723,0.019029401
1385,23.493212,114.944305,0.047031842,1730.6073,120.613525,0.112010404,1707.9255,124.295685,0.29782122,1726.2292,153.0315,0.037454285,1886.3685,253.11975,0.13536435,1889.485,249.39171,0.027972363
1386,23.914412,115.300415,0.037133195,4.3002625,113.30912,0.081634425,1704.9636,121.36016,0.16634513,1725.7935,153.41008,0.025337884,1886.5315,253.61064,0.06722349,899.0666,118.33665,0.03528426
1387,1874.4558,152.04172,0.037817895,1743.1016,114.092316,0.10018306,1706.3771,123.70566,0.47106448,1728.2155,146.65776,0.058616657,1886.6115,252.69673,0.101625115,1918.9373,113.167175,0.04923267
1388,19.946749,116.45284,0.05765611,1731.766,119.29581,0.09467798,1706.72,121.538155,0.33669856,1728.1672,147.68425,0.10206008,1885.442,253.06755,0.10628522,1918.8365,112.92152,0.046143048
1389,18.499348,117.346985,0.056003526,1730.4813,120.12911,0.08919229,1705.671,120.15277,0.25716594,1726.6993,153.6728,0.12966411,1885.9663,252.86606,0.12733471,900.26996,118.07364,0.035147753
1390,1712.8975,160.0556,0.042039137,1715.199,148.19902,0.10548334,1705.5175,120.47944,0.5092931,1724.4155,151.76054,0.15838428,1885.991,253.62776,0.12152911,1727.9662,148.52055,0.021835517
1391,1714.8278,160.00148,0.046537887,1716.3044,147.4848,0.15106827,1705.1173,120.390465,0.58838284,1736.4691,152.09262,0.20517376,1886.2229,252.80495,0.14488707,1890.5095,248.57852,0.033569567
1392,1714.0388,160.27022,0.045462776,1714.869,144.90057,0.12546939,1705.4786,122.9572,0.62807477,1737.6292,152.62956,0.19410771,1878.9984,254.86615,0.12230784,898.9618,118.139145,0.049656253
1393,1742.1855,163.82613,0.07616846,1717.5457,149.69238,0.13985746,1707.7948,124.8232,0.7041951,1738.3195,154.55089,0.3207529,1886.3375,252.28366,0.17244823,1752.1223,152.16664,0.047760982
1394,1744.7488,167.8948,0.1432595,1726.9962,161.79156,0.19656205,1710.0769,128.9856,0.761096,1739.4485,154.90059,0.33841255,1885.3868,253.8717,0.12118105,1753.7194,152.11324,0.05624701
1395,1745.8132,167.63252,0.27183107,1729.6156,161.15988,0.40110072,1714.3909,130.18794,0.8707235,1752.9552,162.00026,0.25768173,1886.9983,252.84099,0.16956678,1778.5817,136.9074,0.0496542
1396,1744.2542,165.40718,0.2820835,1730.9204,160.88562,0.43182728,1725.042,129.68988,0.7332319,1754.8718,159.15453,0.17619708,1888.2229,252.35397,0.1847141,1790.7865,139.42368,0.044878695
1397,1744.3304,167.845,0.16159791,1734.7565,161.2397,0.26895195,1735.0166,129.8824,0.6242944,1754.3422,161.51157,0.15254451,1789.5358,124.61377,0.2532069,1918.4261,98.289314,0.04806356
1398,1736.6449,161.78117,0.07247272,1724.8246,153.81055,0.11952416,1743.5217,129.56058,0.60596657,1770.0409,165.01942,0.09596507,1790.8953,123.74562,0.25194487,1915.555,99.77098,0.038111664
1399,1882.921,155.42516,0.041964013,1735.5789,160.13553,0.043804213,1752.6519,128.0131,0.22575736,1877.7365,146.90402,0.08657857,1886.0391,252.28143,0.14792362,898.7573,117.44242,0.0480584
1400,1885.087,156.37221,0.033813607,1767.8071,159.2279,0.04643673,1759.8649,126.52259,0.33161741,1878.0847,147.3695,0.07471238,1837.7677,127.755424,0.21382229,1894.2457,104.90238,0.090715125
1401,1886.1447,156.89471,0.060875468,1866.6508,76.680534,0.063765325,1763.4192,123.94751,0.10997528,1878.4368,146.49243,0.13492261,1830.8379,124.14321,0.19367068,1894.2789,103.20829,0.10789995
1402,1887.4214,157.035,0.06901202,1876.2067,148.72688,0.060361005,1773.7834,120.09566,0.04108955,1878.5516,145.54893,0.13393293,1837.6749,123.10465,0.25711033,1893.0406,103.947556,0.10601441
1403,1888.369,157.62521,0.06976204,1876.2389,149.33168,0.058456555,1778.3567,123.028046,0.04443661,1878.9437,145.57204,0.13882463,1835.4668,120.253624,0.32598957,1893.7242,100.94962,0.19804873
1404,1889.6617,157.9428,0.080572926,1876.8213,148.49142,0.051691644,1780.225,118.9015,0.07205819,1879.5375,145.3305,0.11875473,1849.2556,111.0804,0.369818,1891.979,97.00065,0.24012737
1405,1890.0052,158.34244,0.073913485,1876.0188,148.26987,0.0477122,1840.4965,165.02493,0.032037377,1879.2571,144.9154,0.10111408,1848.6715,110.333565,0.3282947,1892.2386,94.41426,0.30028626
1406,1889.403,159.49612,0.078040585,1876.4607,148.65193,0.043274358,1840.062,165.11345,0.03230523,1879.642,145.61417,0.10723457,1836.7253,111.28918,0.49236643,1889.9165,94.40385,0.27741575
1407,1890.689,159.60918,0.05513354,1876.7795,149.3148,0.042541422,1825.2186,159.0661,0.029246083,1880.49,145.94963,0.10218805,1849.0746,108.70205,0.49410927,1889.6555,94.74725,0.281657
1408,1890.5382,160.02113,0.049901217,1897.8888,58.141697,0.037835807,1728.2332,148.8823,0.031792793,1880.0438,143.60332,0.11159451,1835.3434,111.45752,0.5346064,1889.4988,96.587296,0.3501235
1409,1891.4943,160.28252,0.05621563,1877.113,150.12071,0.03947205,1729.1937,154.9188,0.04566735,1880.4846,144.64806,0.08529718,1843.1412,108.37895,0.45354065,1892.8713,97.43539,0.29993442
1410,1891.2936,159.89146,0.05573975,1876.3749,150.57397,0.039725915,1806.38,81.538826,0.05274902,1879.0095,143.91704,0.07047491,1839.0161,108.24564,0.49451885,1888.2144,99.41505,0.38300452
1411,1903.8885,170.18857,0.05594196,1850.9729,62.55947,0.046382796,1811.6608,80.28536,0.13143462,1885.1536,149.72916,0.08170089,1842.0302,106.57052,0.46241012,1884.1655,95.9688,0.4386421
1412,1893.7952,163.67723,0.06695209,1838.324,77.760994,0.034685925,1822.7853,76.61745,0.24614276,1843.0804,104.683,0.064341694,1842.2505,101.20924,0.24752085,1891.6011,102.610825,0.23180063
1413,1903.7343,169.64926,0.059099328,1834.4641,94.76728,0.03851892,1829.4639,72.42375,0.38080555,1769.1779,107.92368,0.108236365,1859.0161,102.4578,0.20378174,1894.2273,101.99807,0.22196618
1414,1904.3196,170.34767,0.0520492,1880.6577,155.36076,0.038210947,1828.4205,70.92306,0.18746877,1853.8593,134.87239,0.05244059,1841.638,109.48582,0.29710725,1880.9714,98.15096,0.29359636
1415,1904.7245,170.68729,0.059539765,1869.2993,62.39129,0.03432035,1830.835,71.933685,0.17543547,1852.6539,107.57137,0.06501898,1843.7036,95.465294,0.24878378,1886.9193,96.048485,0.25795138
1416,1905.8732,163.00221,0.04384484,1743.8933,150.01445,0.032201067,1825.0359,74.656105,0.07656642,1758.4034,156.51172,0.035562523,1848.753,120.792625,0.1362715,1895.4315,101.73652,0.15551117
1417,1903.1036,70.53789,0.030779177,1825.2349,82.564766,0.03951732,1811.6261,72.97515,0.07646191,1764.4601,105.34143,0.06933139,1850.1357,113.00079,0.30939314,1893.8826,100.97504,0.33682397
1418,1906.7216,169.4554,0.028272802,1882.5168,154.81639,0.03220438,1735.2548,156.44275,0.041989233,1877.5729,138.5255,0.028787848,1865.9619,114.30461,0.206045,1895.6254,104.92953,0.2362222
1419,1905.4484,163.74512,0.04830956,1883.9213,153.74765,0.052404013,1826.6523,154.38582,0.034066804,1778.0723,108.482994,0.06474361,1871.062,125.30256,0.07881724,1895.3014,108.76242,0.11651614
1420,1906.097,166.32027,0.03506995,1885.0107,154.1784,0.028981632,1735.1927,156.65793,0.049075585,1742.3794,154.88316,0.033981774,1877.1824,137.66743,0.066938095,1912.1403,109.99973,0.056397904
1421,1906.4323,91.09346,0.037490528,1884.0503,147.55197,0.043952323,1830.7136,99.358444,0.16174956,1757.2792,159.26526,0.042219438,1868.1345,255.6357,0.08068939,1900.1769,115.669914,0.04864418
1422,1906.6844,166.42676,0.026149008,1884.3014,148.38371,0.03781096,1829.9785,105.67018,0.10422652,1780.3738,108.651215,0.07641604,1765.4109,79.715294,0.10555896,1782.9323,77.53466,0.10043231
1423,1907.5142,103.70622,0.05960523,1870.6195,107.726425,0.052501265,1829.5787,116.34597,0.31604487,1756.2368,156.95494,0.03631509,1869.0269,254.80363,0.08236889,1799.742,92.84123,0.05003405
1424,1912.6521,129.95836,0.020194335,1867.6022,110.90123,0.066913664,1829.1754,121.29206,0.14971173,1868.296,94.56976,0.025492173,1868.6278,255.2355,0.08585539,899.22363,117.6186,0.0447038
1425,1912.2795,125.448,0.049438022,1869.412,119.92441,0.03184299,1826.3157,130.29971,0.08006088,1753.9175,153.61015,0.024109757,1868.5206,254.91931,0.08849055,1891.7737,254.02115,0.03348436
1426,1912.0348,139.67783,0.027057722,1726.9824,109.349724,0.024125474,1827.9972,139.74797,0.07436711,1755.4053,155.02817,0.024492238,1861.5953,256.19092,0.08180516,1890.9307,253.59982,0.04706354
1427,1911.3329,138.25127,0.02739713,1899.1084,125.35324,0.019568298,1826.9337,147.79073,0.13002943,1748.9935,154.01595,0.03235255,1876.5635,255.9241,0.068010144,898.24866,117.94907,0.060457986
1428,1909.5686,137.53152,0.037274104,1750.1205,137.45697,0.015749209,1825.0632,151.06561,0.04566923,1754.5656,155.95349,0.03195487,1877.0557,255.3375,0.06895352,898.7386,117.93872,0.05629074
1429,1916.0039,138.3488,0.020828556,1910.0077,145.10466,0.020294186,1737.138,155.59093,0.043053232,1744.7192,114.33168,0.02336554,1742.748,126.633675,0.033999063,1916.2964,143.60156,0.058398657
1430,1910.8749,148.81393,0.025256224,1909.6927,148.5999,0.030180417,1824.7976,155.7409,0.049562633,1744.7626,114.1584,0.029183298,1877.6593,255.67723,0.06054663,897.9443,118.9766,0.04486583
1431,1909.2941,152.73401,0.028910968,1901.8385,78.68709,0.020766733,1911.2811,148.5051,0.025106007,1745.4454,114.24603,0.01916091,1884.9144,256.00095,0.04495264,898.9069,118.859375,0.041977003
1432,1919.2471,168.2269,0.012643333,1887.0187,151.03374,0.03409434,1857.7147,71.51421,0.039418295,1880.6686,126.35484,0.02485109,1879.6597,122.64653,0.0458148,1917.8322,157.80223,0.04493784
1433,1916.6625,68.05232,0.011898862,1902.2463,78.925026,0.02376857,1911.6603,148.20029,0.030332586,1743.0546,128.98051,0.018143259,1836.454,254.9925,0.047096413,1917.4186,159.24097,0.052521456
1434,1742.3843,109.4198,0.015095338,1902.1365,79.53415,0.026388606,1857.4695,72.9699,0.051721595,1742.8535,128.21352,0.018342253,1836.5825,254.97362,0.043651506,897.7433,119.51591,0.05555799
1435,1910.339,159.01447,0.02294395,1902.0314,79.41874,0.023826446,1859.2825,70.97427,0.07452546,1771.0531,166.00925,0.02257214,1843.6755,255.77911,0.04736716,898.3077,118.89239,0.04958614
1436,1916.0287,166.2015,0.029419305,1901.979,80.28808,0.03902513,1860.3091,68.89962,0.22249655,1880.4796,30.540087,0.024586026,1886.7268,126.27133,0.060085468,898.5682,119.57034,0.04900859
1437,1916.1324,166.80309,0.024638038,1901.8613,80.7258,0.04466177,1862.6669,67.77066,0.17358433,1770.9211,167.38965,0.03186516,1885.5143,125.86396,0.059697136,1905.165,254.2897,0.028012536
1438,1916.9011,167.68185,0.021800151,1902.4512,79.81493,0.046226148,1865.8375,68.24937,0.12809883,1770.4984,167.31282,0.044584513,1884.6337,127.00987,0.06486643,1904.5565,253.45029,0.040335577
1439,1916.3557,167.10576,0.024107927,1857.8103,107.20208,0.028029433,1865.6016,66.8105,0.14959112,1769.07,165.58896,0.11306778,1884.4119,132.61374,0.06658666,1905.3184,253.63158,0.032317463
1440,1812.0474,236.44789,0.023878044,1857.4503,117.75049,0.022223763,1868.4823,67.603874,0.06224238,1769.9199,165.61244,0.09793808,1879.3298,127.4379,0.033927992,562.95026,113.0939,0.035180897
1441,1915.9766,166.91142,0.023131078,1909.2455,166.44507,0.022412801,1912.3112,163.9312,0.02213291,1769.4381,165.9524,0.076367915,883.0907,121.45926,0.039476417,893.41486,114.98084,0.039457995
1442,1914.5642,172.33939,0.024364902,1767.1316,162.9215,0.024045251,1873.0948,71.67079,0.027222171,1769.3177,166.0019,0.11666588,1880.3191,126.221596,0.03466291,1916.4587,97.15436,0.045199394
1443,1916.9126,166.9715,0.024009718,1910.4541,164.52557,0.019500542,1874.2344,70.888435,0.0449558,1769.4219,164.92567,0.13541247,1821.0109,140.88213,0.044297673,549.4951,110.27445,0.041769877
1444,1915.2213,171.6017,0.017581768,1819.3005,239.66653,0.020158993,1874.246,71.06553,0.06040661,1770.9532,165.6085,0.16720174,1791.4858,82.01456,0.036327183,558.14594,101.63559,0.05423817
1445,1832.6283,171.17284,0.018099139,1819.6528,239.38838,0.020717507,1874.9531,70.95395,0.075046256,1771.0667,165.66945,0.08208785,1892.8602,124.6295,0.046256706,1916.2507,95.68657,0.03363608
1446,1832.3665,169.7377,0.014838825,1899.5625,154.9204,0.026780251,1875.6982,70.99278,0.092902094,1771.8523,164.80829,0.06131284,1819.9567,142.99757,0.050590802,1916.1105,94.09564,0.047203198
1447,1766.3826,178.64401,0.023964964,1803.5753,196.85533,0.023692738,1876.0367,69.660805,0.12787232,1771.5878,165.31715,0.10508413,1876.7819,255.3377,0.054489065,1916.0812,93.31589,0.040163927
1448,1769.2251,178.64513,0.029419534,1820.9142,240.23727,0.032418236,1875.8328,70.96349,0.07427664,1773.4736,165.96474,0.075458,1877.845,254.57063,0.076875344,1893.6713,250.28209,0.06390452
1449,1769.2876,179.9144,0.022044674,1876.2053,100.1285,0.025806388,1878.7094,67.23078,0.22744752,1773.835,167.49274,0.025319915,1869.2009,255.95302,0.04219931,1917.0414,93.08137,0.043233976
1450,1760.0089,178.89305,0.02000494,1874.8192,100.59327,0.035977334,1881.0355,66.67602,0.16891965,1774.117,167.13576,0.053318817,1912.6885,175.31001,0.03675856,1918.1984,161.21678,0.031106371
1451,1770.185,181.39825,0.02494387,1876.8801,100.71685,0.05319463,1882.1278,66.73305,0.22073005,1774.6678,168.86792,0.040542673,1806.1702,143.36192,0.03351655,1818.235,258.63605,0.02458539
1452,1770.517,181.90895,0.03181871,1904.6919,144.99329,0.026720291,1769.0533,167.4298,0.08032287,1775.8292,168.19661,0.03783715,1913.0349,174.29378,0.053869523,1819.1907,258.98242,0.045877203
1453,1771.2588,184.70512,0.03271309,1896.7477,139.2354,0.035060085,1884.2914,68.886795,0.061471645,1818.048,114.696,0.014621682,1904.7692,173.34149,0.057587672,1818.4939,257.61362,0.03164405
1454,1915.3478,148.47696,0.030750932,1896.721,138.35886,0.064350575,1885.618,67.65161,0.05485315,1813.1356,158.79591,0.015194607,1910.6976,173.72383,0.05976073,1818.9462,258.07108,0.040625956
1455,1915.9406,149.82831,0.02124887,1896.8579,138.18712,0.033924375,1885.2026,71.767494,0.036596496,1906.2762,134.46307,0.017921144,1910.1012,172.61731,0.06858149,1818.7258,257.6012,0.032209054
1456,1916.7897,148.59146,0.034712616,1897.0735,137.19678,0.07584557,1871.924,130.10634,0.087302245,1822.7969,118.877396,0.028573476,1895.972,172.68369,0.07556377,899.3819,118.71438,0.049371053
1457,1885.3412,109.42421,0.029398272,1897.1438,135.57156,0.086912796,1888.0325,68.96868,0.21072862,1822.1454,118.61444,0.04086991,1896.2251,171.52922,0.08548175,1902.1195,108.55884,0.052141957
1458,1884.344,120.35642,0.060028993,1906.9578,134.8232,0.15534745,1882.8848,127.003395,0.42832825,1896.294,89.677315,0.04258771,1896.0781,170.15038,0.09653394,1902.8209,107.64031,0.05129236
1459,1886.4696,110.05917,0.05696135,1909.3579,131.26688,0.08171838,1885.0096,127.66585,0.30456993,1826.2056,119.33935,0.030210506,1901.5369,171.65068,0.067415014,1918.4828,158.77994,0.04060961
1460,1886.7268,108.48413,0.040922843,1898.1637,135.55515,0.058069292,1892.722,68.31913,0.2706515,1826.5243,120.904076,0.022054225,1915.2252,160.36923,0.067175806,1918.863,158.17113,0.044165503
1461,1886.3765,107.895,0.026606923,1897.8391,130.54546,0.045023628,1891.3596,70.49139,0.10318508,1826.7495,120.63508,0.036590733,1912.161,161.81703,0.055636574,1919.8376,158.57355,0.03990595
1462,1888.0924,108.16902,0.025646606,1898.2642,129.91808,0.05208513,1892.4222,68.700424,0.16907695,1787.9414,181.4056,0.049085133,1912.9468,161.48592,0.049898844,1920.608,158.21529,0.031733584
1463,1887.4467,108.525955,0.023476318,1898.8873,134.8654,0.055351403,1893.7064,69.47092,0.10465641,1829.213,120.64769,0.037895545,1831.802,149.14229,0.054388057,1900.2987,110.68189,0.026639609
1464,1887.9874,108.54585,0.03135927,1898.705,135.20625,0.0499878,1895.659,67.81027,0.13959484,1828.2767,120.10457,0.03616035,1831.6805,149.2099,0.039960627,1674.7935,123.39198,0.031954154
1465,1891.5311,124.75389,0.06841788,1885.6509,110.83135,0.048914436,1896.0374,67.4735,0.11955369,1833.8903,120.96787,0.024008136,1831.5153,149.98639,0.038342617,1910.653,158.06036,0.022365503
1466,1892.4473,129.9616,0.03582943,1887.4276,131.48312,0.051410913,1897.3668,67.809074,0.13395362,1862.8783,102.20941,0.025559861,1839.1838,156.7025,0.03941924,556.8695,105.42255,0.06317976
1467,1915.4911,197.06076,0.0194405,1889.9576,121.473206,0.061251625,1898.3212,69.75496,0.11156416,1833.6001,122.96247,0.03598348,1831.9432,148.96596,0.050490063,551.0755,107.03316,0.039129917
1468,1916.0935,197.09978,0.022973647,1887.5247,132.43427,0.04113612,1782.3607,187.23795,0.12670912,1819.8871,188.8266,0.02780776,1837.7782,157.90634,0.07343986,556.7895,104.52438,0.051573876
1469,1915.7306,195.32472,0.018206391,1888.3705,121.34738,0.044060104,1785.6346,187.54938,0.15466283,596.1794,106.896095,0.0178328,1845.7421,152.20685,0.053499054,556.1901,105.5662,0.11076639
1470,1915.9261,194.85727,0.015347772,1887.616,132.4318,0.03321021,1901.8894,126.17002,0.07493812,1901.072,124.05085,0.013946161,1847.468,167.13762,0.04274176,556.6397,105.379745,0.06106862
1471,1915.17,195.1127,0.012733381,1886.6715,132.15219,0.04460612,1902.2153,125.73338,0.068447955,1838.7888,126.015564,0.018912677,1854.0381,167.93863,0.036259893,557.543,105.414276,0.03870011
1472,1811.9703,111.87445,0.012883342,1888.1895,132.51756,0.025523756,1902.9772,126.39994,0.07286653,885.7127,121.947334,0.01563496,1848.4724,150.65614,0.04507006,557.019,105.202286,0.04841256
1473,1816.4783,112.68521,0.016793903,1902.9128,96.614204,0.025925769,1787.8805,186.61958,0.1529321,1918.0023,29.787281,0.01167688,1838.7914,105.69517,0.094048604,1870.4874,82.009094,0.042409994
1474,1770.0752,195.54474,0.013591578,1887.5964,132.19395,0.025260841,1788.1288,186.91197,0.115765974,1917.9978,30.133194,0.012859218,1839.3087,103.84931,0.049687497,1870.4235,82.85207,0.033802338
1475,1816.6228,112.9608,0.013944812,1887.0221,133.23515,0.024104396,1903.5344,128.15993,0.056134537,1917.7783,30.634258,0.011318799,1823.4818,107.42989,0.04232224,1674.7924,123.3882,0.031283565
1476,1854.2651,78.53261,0.01549524,1868.0422,86.700455,0.029607644,1862.1725,70.9872,0.077906586,1841.7627,129.7581,0.025201302,1825.046,107.279045,0.05160253,549.88885,110.1628,0.036126927
1477,1816.2976,115.00006,0.01392139,1899.9072,138.43257,0.02688843,1789.0862,189.45001,0.1188072,1841.8623,132.0373,0.051051002,1839.0535,102.04288,0.10069787,561.05334,117.85433,0.033937115
1478,1778.178,194.89136,0.017153114,1812.3,196.44237,0.02959152,1788.9097,190.20377,0.22144033,1842.2064,133.3113,0.025096752,1838.7037,102.66331,0.09002297,1869.0854,86.706635,0.057023566
1479,1910.3855,240.51578,0.008399854,1902.7273,120.757034,0.026275022,1787.108,187.99257,0.071945146,1863.284,120.293045,0.023150463,1844.8492,105.010284,0.045817345,1674.6179,123.46986,0.032022063
1480,1883.9955,85.92351,0.011238554,1903.8544,112.36692,0.0272587,1790.3298,191.60855,0.2137962,1862.4403,123.44923,0.039451286,1844.7131,104.431114,0.09493296,1870.8397,86.70482,0.051366225
1481,1882.9806,86.49127,0.013703589,1904.334,112.18983,0.02735821,1907.6644,72.92431,0.07841387,1855.1117,122.13048,0.022788092,1886.1555,171.09727,0.049197983,1674.9448,123.36162,0.029240342
1482,1871.7593,82.423294,0.011193963,1905.0176,112.74214,0.033451237,1785.9685,188.32593,0.053672995,1854.9554,121.1027,0.018470675,1885.7509,171.06177,0.063154384,1675.2521,123.24795,0.021658663
1483,1871.8574,83.373886,0.013906676,1906.177,97.86691,0.027078273,1905.7365,73.36226,0.07645804,1855.3611,123.23848,0.02674134,1838.8562,102.90555,0.104784876,1674.8333,123.61026,0.03146869
1484,1878.6233,126.419136,0.010503186,1905.5947,125.386024,0.026785897,1786.5581,187.85771,0.05980029,1854.8715,121.51551,0.02797974,1885.307,170.5229,0.060976554,550.54016,109.38576,0.049435493
1485,1878.7339,127.74531,0.016449716,1905.8912,124.93554,0.03833727,1786.5022,188.69456,0.06672008,1863.6953,123.23711,0.026784448,1886.0665,170.5628,0.049978226,555.975,107.51735,0.07697164
1486,1770.9746,195.21478,0.014933136,1905.6672,124.43834,0.030178355,1786.2256,188.67155,0.06826479,1855.446,130.09482,0.024176398,1862.3242,98.17077,0.058241583,564.705,106.13975,0.038799476
1487,1872.1476,82.53607,0.010179169,1905.5774,124.680626,0.030174373,1792.6587,192.80716,0.2459729,1853.2407,130.05165,0.030973274,1826.8381,110.09719,0.086385034,1891.0702,105.809326,0.027448839
1488,1823.0886,128.01521,0.010090768,1906.4718,125.01879,0.029363018,1786.0422,187.12685,0.041634787,1851.8153,129.93759,0.024277397,1838.7589,106.271904,0.046249066,1674.9053,123.35717,0.032462098
1489,875.2185,125.47379,0.008932118,1902.4038,77.08287,0.022549953,1786.6781,188.16386,0.053187925,19.477648,157.68071,0.022069694,1886.9064,171.66794,0.06045106,554.5952,108.12625,0.090158425
1490,1770.8119,193.38794,0.007944389,1907.507,113.6286,0.01902554,1787.0892,187.86813,0.065043926,44.282753,156.1387,0.01740709,1886.953,169.93292,0.07158944,557.2032,104.49878,0.08819397
1491,586.8802,74.621376,0.009913785,1906.6993,124.68762,0.023597285,1785.411,187.00375,0.029992143,49.557125,155.49362,0.018048258,1886.7114,170.69022,0.04371421,556.9608,104.68165,0.08559905
1492,1787.766,194.22571,0.00872398,1901.1447,77.11317,0.021136506,1785.5643,188.10545,0.051149756,542.4798,107.83469,0.01652971,1885.8456,169.45203,0.061688103,556.72375,105.59221,0.13317509
1493,84.92923,22.303955,0.011474645,1901.0751,77.272934,0.021905197,1812.1444,112.6403,0.033736005,1853.4497,129.38907,0.015998324,1886.1287,170.56026,0.05974315,548.6016,109.69017,0.047704767
1494,1786.209,195.37694,0.01140872,1808.8245,124.13495,0.027538056,84.987206,22.882504,0.027292032,583.4749,118.661736,0.012008351,1885.1997,158.75826,0.059229422,548.99164,110.14556,0.070661
1495,84.7576,23.86039,0.01181294,1808.157,124.65354,0.02360447,1786.112,187.95862,0.043939967,1867.3213,125.1082,0.019182185,1884.849,158.72044,0.10295571,1917.7567,151.27339,0.05252355
1496,84.89131,24.63009,0.015088973,1913.5247,202.59502,0.021888742,1797.3445,185.94914,0.025573729,1857.2882,149.3352,0.01858583,1883.5721,159.95016,0.116577625,1917.0765,152.52895,0.062199205
1497,87.02682,24.783226,0.022945018,1913.5195,201.55684,0.02275547,1798.136,188.45378,0.027667768,1856.6648,149.46918,0.025631111,1884.1635,159.20639,0.06948937,554.2464,107.204735,0.112875454
1498,85.31864,24.941586,0.021908036,1899.9454,78.137184,0.023563445,1799.2295,186.65332,0.018061934,558.78516,119.73337,0.016262699,1883.7966,158.79695,0.089292124,558.0359,105.40001,0.051995356
1499,88.49202,25.807817,0.017482178,1807.526,126.35841,0.02270249,1792.9839,192.63593,0.044734888,1857.1532,149.23251,0.032398615,1883.9828,159.14487,0.10748942,1916.7855,152.66824,0.04166745
1500,88.1234,26.136845,0.021401538,1807.5587,127.79083,0.024652801,1787.0645,187.00658,0.04567018,1875.634,125.96957,0.029768433,1884.295,158.11453,0.1985215,1917.1516,150.78435,0.047116406
1501,89.50562,26.264078,0.01967907,1899.0692,78.02947,0.021247583,1798.7004,189.33257,0.032679595,1861.522,147.88397,0.043262016,1885.4515,158.47548,0.15068027,1921.8132,153.82684,0.030994603
1502,1787.0747,196.37779,0.017578771,1791.3947,160.97734,0.021101097,1799.22,188.17255,0.04303394,1875.825,126.24908,0.03016738,1884.6487,157.986,0.1450433,1917.1237,151.4424,0.04508334
1503,1800.1604,200.37866,0.006569316,1899.355,77.76488,0.023862494,1799.6525,188.45259,0.022723414,1825.4004,124.37719,0.02066295,1885.2018,158.21713,0.14977476,1917.2039,151.01619,0.046149988
1504,1891.1005,93.10847,0.010117102,1790.4102,160.88614,0.021691814,1797.1694,188.98419,0.05730185,1858.5265,151.67897,0.022015894,1884.1339,158.8652,0.13925338,1916.1211,151.32356,0.058745548
1505,1789.4076,194.91676,0.012944505,1899.4912,78.38618,0.023356779,1796.8704,190.30435,0.09726752,1858.1582,151.1004,0.032435738,1886.2108,158.56415,0.082977355,549.3603,109.80076,0.041762475
1506,1787.7538,197.05898,0.013256355,1898.3424,78.83082,0.01841017,1794.2994,192.93901,0.05562474,1877.6354,126.53931,0.025605384,1841.3428,118.64434,0.054139026,547.4145,114.25869,0.033727393
1507,1918.7875,90.75822,0.019180393,1791.3845,160.45697,0.019386651,1795.853,190.77722,0.057027604,1859.3337,152.3238,0.030958835,1885.4603,157.2033,0.08127587,547.43024,113.944214,0.033996522
1508,1788.4056,196.64944,0.017546726,1900.6245,78.57811,0.024329321,1796.0676,191.6266,0.07013437,1878.5499,127.308,0.02412242,1885.4376,157.39699,0.08524938,1674.1765,122.846924,0.032652453
1509,1920.1398,90.93095,0.018609101,1900.3011,79.121155,0.02442931,1797.4045,191.13905,0.086224064,1879.3237,126.14117,0.017951142,1908.3489,96.13041,0.05234401,1674.2261,123.03996,0.03398778
1510,1788.874,196.18674,0.02368284,1900.1039,78.08945,0.018496884,1796.702,190.40729,0.08243646,1880.5359,127.45847,0.018940225,1903.967,95.94581,0.09320732,1914.7728,94.50305,0.032734085
1511,1920.6477,91.218544,0.012530002,1822.5813,196.52795,0.033345047,1798.1831,191.9669,0.3516243,1915.7771,92.023445,0.023805287,1909.4088,95.03523,0.056066748,547.6647,112.33042,0.041387178
1512,1885.1371,95.71319,0.011326025,1822.758,192.9177,0.029415267,1795.8171,193.15707,0.34462425,1879.0525,134.38287,0.020280039,1904.9285,95.957695,0.08016524,549.2141,108.610855,0.05172576
1513,1849.2495,185.4397,0.019122675,1822.3947,196.97687,0.052888073,1795.548,193.29404,0.47143587,1786.3257,167.86507,0.018753417,1904.531,95.91932,0.11135618,548.43524,108.17597,0.0815113
1514,1839.8644,170.05565,0.011116195,1866.4476,156.99208,0.027136585,1796.4277,190.93082,0.14509718,1880.9957,134.95468,0.019171592,1905.0106,97.723946,0.1200456,1915.5011,97.070564,0.07150266
1515,1841.0155,170.6997,0.0110233305,1866.9004,156.92166,0.026117617,1797.9296,191.61235,0.0714394,1895.2518,204.84038,0.0143320635,1903.3168,96.70155,0.07340861,562.9588,106.20791,0.043351807
1516,1849.6167,185.71991,0.011838756,1823.893,196.71605,0.036696322,1796.7753,192.61055,0.28338087,1879.8738,147.77423,0.029069202,1892.815,110.11856,0.27478272,1916.232,99.896164,0.102836415
1517,1840.5133,171.28856,0.016239975,1912.1885,99.10356,0.02326474,1797.623,190.14659,0.19479391,1841.9528,134.57777,0.019664764,1901.7207,107.85092,0.23138596,1915.4395,98.5909,0.091652155
1518,1914.2218,243.31335,0.018163137,1912.1312,98.91165,0.022324674,1798.995,191.57504,0.06871222,544.1149,118.76777,0.01807135,1902.9896,107.47387,0.15829302,550.99066,106.355736,0.052078545
1519,1840.822,170.72154,0.014937497,1875.7103,155.15872,0.02330338,1798.3535,191.27606,0.07459429,542.0151,107.61957,0.01769111,1903.4718,96.72058,0.08372063,555.1242,108.13384,0.090732984
1520,1913.7703,97.8443,0.015020962,1900.4337,91.4612,0.018990772,1798.2375,191.68878,0.0522457,1850.0431,135.39003,0.0158367,1904.0037,109.14092,0.15756695,549.5962,109.43588,0.07779861
1521,1923.171,108.646355,0.012217126,1867.9329,158.6313,0.026511997,1847.5345,166.75418,0.04918082,1896.0123,135.16142,0.031550206,1903.7441,108.35399,0.14426327,553.5535,108.083015,0.09252718
1522,133.32268,25.247662,0.016355114,1898.6072,92.707634,0.018665818,1847.9626,166.0717,0.05776806,1895.4623,132.80516,0.02233582,1903.3123,108.34571,0.114891075,549.52466,109.90475,0.05113603
1523,135.51776,27.07473,0.014475272,1912.6859,100.58022,0.025204074,1893.586,106.98193,0.04778015,1894.2135,133.21834,0.02641356,1903.9707,102.76997,0.057474606,549.3425,110.03787,0.04774117
1524,11.056616,27.89595,0.0107804695,1911.7699,99.352875,0.022718146,1849.6995,167.36902,0.04608395,1894.845,133.83792,0.043123662,1903.8022,109.68137,0.07665146,549.597,109.837906,0.10218704
1525,1914.6581,242.67451,0.013179219,1845.0063,161.66171,0.017818935,1849.8931,167.67946,0.040674813,1894.739,137.95695,0.04880974,1902.7062,111.478485,0.19897223,549.2804,108.97091,0.08719868
1526,1914.6675,248.48112,0.011848939,1898.7537,100.535866,0.019480929,1850.0203,167.0506,0.024252173,1894.4597,133.30644,0.02070782,1904.1144,109.795166,0.055218402,555.0879,107.97328,0.07230571
1527,1787.0552,261.69147,0.009365905,1911.9922,98.96676,0.019304045,1894.4742,107.53046,0.03433499,1894.6083,136.99413,0.02996232,1903.373,111.53543,0.14646772,561.70734,109.13641,0.042292975
1528,1912.7562,78.992874,0.014416297,1910.927,80.54092,0.020656109,1904.3477,81.73988,0.02265058,1895.6954,139.70084,0.056582563,1902.9889,112.63114,0.23349404,1914.9119,104.315765,0.10580152
1529,1913.1459,79.12429,0.011494162,1897.7478,106.531586,0.02155922,1850.9695,168.43939,0.029166915,1895.5859,135.6075,0.023023235,1903.1985,111.93139,0.13694552,562.0001,114.321106,0.03976705
1530,13.250925,28.329708,0.022815125,1912.0223,99.53063,0.024751145,1900.8826,108.76132,0.050431963,1852.6023,124.420685,0.019903746,1903.8044,111.08384,0.112002335,1674.7148,123.41275,0.034625184
1531,23.377775,32.637012,0.025375837,1912.2455,100.17954,0.025359297,1900.0571,108.20106,0.084417716,15.989881,21.094221,0.018309921,1904.4166,109.41652,0.11541994,562.1257,114.01939,0.031933997
1532,18.491795,30.270287,0.027145991,1887.16,127.8214,0.03391986,1900.4187,104.29315,0.108990066,375.2541,117.62046,0.019043373,1842.495,131.26163,0.05619616,549.6852,110.160416,0.03695185
1533,18.530853,30.114172,0.013497417,1890.9231,129.64847,0.0319756,1901.3506,104.89845,0.079765834,1884.6375,149.89136,0.013864355,876.96643,123.60697,0.04454311,1674.552,122.93441,0.039018676
1534,1840.2933,172.4227,0.009478597,1897.0807,106.54341,0.039626688,1901.7269,102.9303,0.13400835,1893.0294,130.59541,0.024572352,1841.5311,131.51443,0.03413898,549.5559,110.10498,0.06698103
1535,28.12256,30.749447,0.029097663,1891.0925,129.97249,0.054206427,1902.3352,101.386154,0.1630349,26.090591,4.0812035,0.015111937,1906.7418,80.79944,0.029194426,561.2754,113.3352,0.031057522
1536,27.755468,31.00774,0.022038374,1897.6492,111.54633,0.038389288,1901.0789,106.906525,0.11242855,582.29083,128.75945,0.011742599,1903.8904,110.51265,0.090171814,1674.6553,123.212746,0.02857104
1537,29.185463,32.440643,0.035071116,1892.1348,129.54434,0.043928154,1902.2335,103.82891,0.11286974,26.143904,4.470012,0.014815177,1906.5142,81.33768,0.033180222,561.45496,114.328316,0.031198386
1538,28.244864,30.944962,0.018306766,1891.5837,129.02473,0.03466821,1902.6262,104.41908,0.14205624,398.85178,105.216606,0.01776877,1907.7076,121.80654,0.031487636,561.8082,114.018425,0.030387927
1539,130.99356,89.501656,0.016378691,1891.909,130.8645,0.05329829,1904.899,100.70737,0.17425087,573.2024,107.999756,0.014455295,1906.4797,80.09642,0.03051204,1674.4503,123.086266,0.033018664
1540,131.49886,88.938034,0.009154861,1898.4332,107.81923,0.035739586,1902.645,104.92677,0.1225251,1869.9972,158.13019,0.013664799,1906.567,80.5433,0.0292797,1674.865,122.98081,0.035198797
1541,1915.2072,240.90195,0.0117282355,1893.3467,129.69128,0.04687442,1903.3495,103.75236,0.10510031,573.2814,108.41726,0.016350258,1906.8971,80.11478,0.02878151,1674.8198,122.96003,0.03335422
1542,172.0833,31.646109,0.019455293,1893.456,129.58246,0.026455807,1903.5223,106.30422,0.07288026,165.84326,22.326178,0.044295944,1908.5603,122.41361,0.029538553,1674.5836,122.85493,0.041324023
1543,1838.5103,167.24301,0.0075849746,1899.4471,104.64705,0.026053485,1902.6749,107.89116,0.04516872,175.40694,36.693436,0.019987306,1848.5098,133.57034,0.030113934,1674.3677,122.891464,0.044788603
1544,155.19101,118.61261,0.0108470665,1902.1812,129.37032,0.037104104,1903.6377,107.05288,0.17342778,1850.4324,144.69092,0.015956858,1909.1154,122.179436,0.04061676,550.1297,109.71971,0.05714495
1545,130.98509,87.10949,0.011195195,1902.5171,129.17108,0.030706102,1904.9797,110.0778,0.14095666,582.4304,120.47502,0.0130455205,1910.0488,122.4105,0.050627947,550.10364,110.38014,0.043914206
1546,137.7498,83.85379,0.0120161,1902.0133,111.69068,0.02197379,1904.4403,111.0851,0.04466975,179.31496,20.861103,0.027421597,1913.2131,111.15257,0.059254378,550.4918,110.464836,0.043472577
1547,150.81609,103.62489,0.019944733,1911.0634,127.2647,0.025141442,1905.5413,109.26807,0.039417196,182.69276,12.65523,0.03171754,1909.3646,138.96529,0.04097652,1675.0194,123.11621,0.032764986
1548,151.14241,103.841835,0.03205448,151.70998,87.63069,0.025660723,1905.5381,109.37488,0.060533646,189.96672,24.713463,0.036093894,1856.2562,133.17606,0.048620492,172.87476,92.37526,0.026247783
1549,131.42091,89.16254,0.015022714,1900.4977,81.43544,0.017062366,1908.6235,103.00166,0.023477955,182.7647,24.454817,0.027156036,1910.6044,120.33727,0.09240444,563.218,113.93699,0.026445342
1550,131.62508,88.08972,0.023982316,1911.2982,94.99108,0.028218193,1907.1136,97.58719,0.033918474,1917.027,148.75989,0.033602107,1914.4312,114.66962,0.111407325,549.3586,109.491066,0.039316297
1551,131.9523,80.87272,0.014812635,1912.1033,103.52423,0.027397197,1905.4415,110.46429,0.037804976,1898.5046,133.78719,0.016742855,1856.712,134.03,0.05260046,555.4732,109.33226,0.045187335
1552,1899.5016,132.09024,0.011952405,1912.1619,101.92188,0.028976314,1906.5739,104.085945,0.029671242,1898.9904,147.9349,0.033228938,1913.1477,114.61602,0.17040852,561.62537,114.04622,0.035679527
